Pattern,Reasoning_Clause,Decision
Safety Established,sert that this petition should be denied because it fails to establish an adequate basis for assuring the safety and efficacy of the tablet formulatio,Approval
Safety Established,sert that the proposed product will have a different “food effect” than unimed’s products and that the safety and effectiveness of the proposed produc,Approval
Safety Established,sessment of the safety and effectiveness of the drug for the claimed indication in all relevant pediatric subpopulations unless the requirement is wai,Approval
Other/Unspecified,it is a petition for a change in dosage form,Approval
Other/Unspecified,"ed on our review ofthese materials and for the reasons described below, the sandoz, rakoczy, and orchid petitions are granted and the wyeth petition i",Approval
Other/Unspecified,e inhibitor tazobactam sodium for intravenous administration,Approval
Other/Unspecified,e-producing strains of the designated microorganisms in the specified conditions listed in the labeling,Approval
Other/Unspecified,presumptiye therapy in the indicated conditions prior to the identification of causative organisms because of its broad spectrum of bactericidal acti,Approval
Other/Unspecified,"our review ofthese materials and for the reasons described below, the sandoz, rakoczy, and orchid petitions are granted and the wyeth petition is gra",Approval
Other/Unspecified,"the uses, dose, dosage form and route of administration of the proposed drug product are the same as that of the listed drug product",Approval
Other/Unspecified,"the uses, dosage form, and route of administration of the proposed drug product are the same as that of the listed drug product",Approval
Other/Unspecified,manufacturer's tradename and the changes approved in this petition,Approval
Other/Unspecified,"ed on our review ofthese materials and for the reasons described below, the sandoz, rakoczy, and orchid petitions are granted and the wyeth petition i",Approval
Other/Unspecified,e inhibitor tazobactam sodium for intravenous administration,Approval
Other/Unspecified,e-producing strains of the designated microorganisms in the specified conditions listed in the labeling,Approval
Other/Unspecified,presumptiye therapy in the indicated conditions prior to the identification of causative organisms because of its broad spectrum of bactericidal acti,Approval
Other/Unspecified,"our review ofthese materials and for the reasons described below, the sandoz, rakoczy, and orchid petitions are granted and the wyeth petition is gra",Approval
Safety Established,determined that nda 005213 was not voluntarily withdrawn from sale due to reasons of safety or effectiveness,Approval
Safety Established,"ons of safety or effectiveness, 76 fed",Approval
Safety Established,nda 005213 was not voluntarily withdrawn from sale due to reasons of safety or effectiveness,Approval
Other/Unspecified,"the uses, doses, dosage form, and route of administration of the proposed drug product are the same as that of the listed drug product",Approval
Safety Established,sessment of the safety and effectiveness of the drug for the claimed indication in relevant pediatric subpopulations unless the requirement is waived,Approval
Other/Unspecified,it is a petition for a change in dosage form,Approval
Other/Unspecified,"determined that your proposed change in dosage form is subject to prea, but has concluded that investigations are not necessary to demonstrate the sa",Approval
Other/Unspecified,"the uses, dose, dosage form, and route of administration ofthe proposed drug product are the same as that ofthe listed drug product",Approval
Other/Unspecified,"the uses, dose, and route of administration of the proposed drug product are the same as that of the listed drug product",Approval
Safety Established,determined that nda 005213 was not voluntarily withdrawn from sale due to reasons of safety or effectiveness,Approval
Safety Established,"ons of safety or effectiveness, 76 fed",Approval
Safety Established,nda 005213 was not voluntarily withdrawn from sale due to reasons of safety or effectiveness,Approval
Other/Unspecified,"the uses, dose, and route of administration of the proposed drug product are the same as that ofthe listed drug product",Approval
Other/Unspecified,"the uses, dose, dosage form, and route of administration of the proposed drug product are the same as that of the listed drug product",Approval
Other/Unspecified,"the uses, dose, and route of administration of the proposed drug product are the same as that of the listed drug product",Approval
Other/Unspecified,that of the listed drug product,Approval
Safety Established,sessment ofthe safety and effectiveness of the drug for the claimed indication in relevant pediatric subpopulations unless the requirement is waived o,Approval
Other/Unspecified,it is a petition for a change in dosage form,Approval
Other/Unspecified,"determined that your proposed change in dosage form is subject to prea, but has concluded that investigations are not necessary to demonstrate the sa",Approval
Other/Unspecified,"the uses, doses, dosage form, and route of administration of the proposed drug product are the same as that of the listed drug product",Approval
Other/Unspecified,"the uses, doses, dosage form, and route of administration of the proposed drug product are the same as that of the listed drug product",Approval
Other/Unspecified,"the uses, dose, and route of administration of the proposed drug product are the same as that of the listed drug product",Approval
Safety Established,evaluated with respect to the regulations requiring manufacturers to assess the safety and effectiveness ofnew drugs and biological products in pedia,Approval
Other/Unspecified,"determined that your proposed change in dosage form is subject to the pediatric rule, but has concluded that investigatians are not necessary to demo",Approval
Other/Unspecified,the specific drug product that you reference is not intended to be marketed to children under the age of 12,Approval
Safety Established,"your proposed change in dosage form is subject to the pediatric rule, but has concluded that investigatians are not necessary to demonstrate the safe",Approval
Other/Unspecified,"the uses, and route of administration of the proposed drug products are the same as that of the listed drug products",Approval
Other/Unspecified,"the uses, dose, and route of administration of the proposed drug products are the same as that of the listed drug product",Approval
Other/Unspecified,"the uses, dose, dosage form and route of administration of the proposed drug product are the same as that of the listed drug product",Approval
Other/Unspecified,manufacturer’s tradename and the changes approved in this petition,Approval
Other/Unspecified,"the uses, dose, dosage form and route of administration of the proposed drug product are the same as that of the listed drug product",Approval
Other/Unspecified,"the uses, dose, and route of administration of the proposed drug product is the same as that of the listed drug product",Approval
Other/Unspecified,"the uses, dose, dosage form and route of administration of the proposed drug product are the same as that of the listed drug product",Approval
Other/Unspecified,ed upon the patient’s ptlnr response to the drug and that ce,Approval
FDA Agrees/Warrants Action,manufacturer’s tradename and other appropriate changes,Approval
Other/Unspecified,"the uses, dose, dosage form and route of administration of the proposed drug product are the same as that of the listed drug product",Approval
Other/Unspecified,"the uses, dose, and route of administration of the proposed drug product are the same as that of the listed drug product",Approval
Other/Unspecified,"the uses, dose, dosage form and route of administration of the proposed drug product are the same as that of the listed drug product",Approval
Other/Unspecified,"the uses, dose, dosage form and route of administration of the proposed drug products are the same as that of the listed drug product",Approval
Other/Unspecified,"signed into law on december 2,2003",Approval
Safety Established,sessment of the safety and effectiveness of the drug for the claimed indication in relevant pediatric subpopulations unless the requirement is waived,Approval
Other/Unspecified,it is a petition for a change in dosage form,Approval
Other/Unspecified,"determined that your proposed change in dosage form is subject to prea, but has concluded that investigations ar",Approval
Other/Unspecified,"the uses, dose, dosage form and route of administration of the proposed drug product are the same as that of the listed drug product",Approval
Other/Unspecified,"the uses, dose, dosage form and route of administration of the proposed drug product are the same as that of the listed drug product",Approval
Other/Unspecified,"the uses, dose, dosage form, and route of administration of the proposed drug product are the same as that of the listed drug product",Approval
Other/Unspecified,"of concerns about interpersonal transfer of testim, the product labeling currently contains the following precautions: "" patients should wash their h",Approval
Other/Unspecified,hing show that testim is effectively removed from the skin surface by thorough washing with soap and water,Approval
Other/Unspecified,h the application sites thoroughly with soap and water so as to remove drug residue,Approval
Other/Unspecified,"hed or unclothed skin to which testim has been applied does come in direct contact with the skin of another person, the general area of contact on the",Approval
Other/Unspecified,hed thoroughly with soap and water as soon as possible,Approval
Other/Unspecified,"the uses, dose, dosage form, and route of administration of the proposed drug product are the same as that of the listed drug product",Approval
Other/Unspecified,that of the listed drug product,Approval
Other/Unspecified,"the uses, dose, dosage form, and route of administration of the proposed drug product are the same as that ofthe listed drug product",Approval
Other/Unspecified,that of the listed drug product,Approval
Other/Unspecified,"the uses, dosage form, and route of administration of the proposed drug product are the same as that of the listed drug product",Approval
Other/Unspecified,"ons discussed below, your petition is granted in part and denied in part",Approval
Other/Unspecified,"discussed more fully below, two of the impurities that are the subject of your petition are a,ß-unsaturated ketones (also known as ""abuks"")",Approval
Other/Unspecified,t several years addressing abuks in opioid drug substances,Approval
Other/Unspecified,"been working to lower the levels of these potentially genotoxic impurities since 2002, when we first confirmed the presence of an abuk impurity in an",Approval
Other/Unspecified,"compliance became technologically feasible, and correspondingly increasing our expectations of applicants seeking approval of opioid docket no",Approval
Other/Unspecified,"both petitions raise similar issues, we are consolidating our response",Approval
Other/Unspecified,"ons stated below, your petitions are granted",Approval
Other/Unspecified,"the same active ingredient, conditions of use, route(s) of administration, dosage form, i for ease, this response will generally refer to approved dr",Approval
Other/Unspecified,that of the listed drug product,Approval
Other/Unspecified,"to necessitate significant labeling changes, and invest",Approval
Other/Unspecified,"the uses, dose, and route of administration of the proposed drug product are the same as that of the listed drug product",Approval
Bioequivalence Demonstrated,determined that there is adequate information to make a full evaluation of therapeutic equivalence,Approval
Bioequivalence Demonstrated,"the same active ingredient(s) in the same strength, (2) has essentially identical labeling, and (3) is bioequivalent",Approval
Bioequivalence Demonstrated,there is adequate information to make a full evaluation of therapeutic equivalence,Approval
Bioequivalence Demonstrated,adequate information to make a full evaluation of therapeutic equivalence,Approval
Other/Unspecified,"the uses, dose, and route of administration of the proposed drug product are the same as that of the listed drug product",Approval
Other/Unspecified,"both petitions raise similar issues, we are consolidating our response",Approval
Other/Unspecified,"ons stated below, your petitions are granted",Approval
Other/Unspecified,"the same active ingredient, conditions of use, route(s) of administration, dosage form, i for ease, this response will generally refer to approved dr",Approval
Other/Unspecified,"the ims formulation is not currently designated as an rld, an anda cannot be submitted for the ims formulation",Approval
Other/Unspecified,it is not currently designated as an rld,Approval
Other/Unspecified,that cite ims' phytonadione injection as the rld,Approval
Other/Unspecified,"a second rld for phytonadione injection, 1mg/0",Approval
FDA Agrees/Warrants Action,"for phytonadione injection with ims' product as the rld, we wil take appropriate steps to make it clear in the orange book that a generic drug produc",Approval
Other/Unspecified,is of submission for anda 060851,Approval
Safety Established,withdrawn from sale for reasons of safety or effectiveness,Approval
Other/Unspecified,oning for the agency’s determination,Approval
Other/Unspecified,"ons, the agency will initiate proceedings under 21 cfr 314",Approval
Other/Unspecified,that refer to the listed drug,Approval
Other/Unspecified,"of the relevant law and facts, fda determined under 21 cfr 314",Approval
Other/Unspecified,it is not therapeutically equivalent to the currently designated rld and is not itself designated an rld,Approval
Other/Unspecified,an rld for isotretinoin capsule so that andas may be submitted for generic versions of absorica,Approval
Other/Unspecified,that cite absorica as the rld,Approval
Other/Unspecified,a second rld for isotretinoin capsule,Approval
Other/Unspecified,"for isotretinoin capsule with absorica as the rld, we will take appr",Approval
Safety Established,sessment of the safety and effectiveness of the drug for,Approval
Other/Unspecified,this drug product is a single source for a 20mg/m1 strength product with a total drug content of 160 mg,Approval
Sufficient Evidence,"that the petition also requested a waiver from the conduct of pediatric studies required under the pediatric research equity act (prea), section 505a",Approval
Other/Unspecified,"hington harbor 3000 k street, n",Approval
Other/Unspecified,"tic syringes (nda 202832), manufactured by medefil inc",Approval
Other/Unspecified,a reference listed drug (rld),Approval
Other/Unspecified,"rlds, only medefil's product, which is not currently designated as an rld, has unique product presentations of 6 milliliter (ml) and 12 ml plastic",Approval
Other/Unspecified,"ons stated below, your petition is granted",Approval
Other/Unspecified,"tic irrigation container) (sodium chloride, sodium lactate, anhydrous, potassium chloride, calcium chloride), 3 liters (l) manufactured by hospira,",Approval
Bioequivalence Demonstrated,a reference listed drug (rld) in the approved drug products with therapeutic equivalence evaluations (the orange book),Approval
Other/Unspecified,"ons described below, your petition is granted",Approval
Other/Unspecified,"hington, dc 20005-5929 gordon johnston gordon johnston regulatory consultants, llc 3631 martins dairy circle olney, md 20832 food and drug admini",Approval
Other/Unspecified,"sium chloride extended-release tablets, usp), 20 milliequivalents (meq), approved under nda 18279 and marketed by abbvie, as a reference listed drug",Approval
Bioequivalence Demonstrated,a reference listed drug (rld) in the approved drug products with therapeutic equivalence evaluations (the orange book),Approval
Other/Unspecified,"ons described below, your petition is granted",Approval
Other/Unspecified,"an rld because there are no other approved versions of atropine sulfate ophthalmic solution, usp, 1%",Approval
Other/Unspecified,"an rld, an anda referencing this drug product may not be submitted, effectively shielding the drug product from generic competition",Approval
Other/Unspecified,"ons described in this response, the petition is granted",Approval
Other/Unspecified,head of regulatory affairs zydus pharmaceuticals (usa) inc,Approval
Other/Unspecified,": food and drug administration silver spring, md 20993 this letter responds to your citizen petition dated july 8, 2014 (petition)",Approval
Other/Unspecified,"co laboratories (prasco) under new drug application (nda) 050741, is acceptable to use as the reference standard for performing in vivo bioequivalenc",Approval
Other/Unspecified,the rld in the orange book3 is not available in the market place,Approval
Other/Unspecified,"hington, dc 20005-5929 gordon johnston gordon johnston regulatory consultants, llc 3631 martins dairy circle olney, md 20832 food and drug admini",Approval
Other/Unspecified,"sium chloride extended-release tablets, usp), 20 milliequivalents (meq), approved under nda 18279 and marketed by abbvie, as a reference listed drug",Approval
Other/Unspecified,"it relies on an in vitro drug release rate test that has yet to be developed, and because it involves the measurement of 1 a reference listed drug, o",Approval
Other/Unspecified,"the drug product upon which an applicant relies in seeking approval of its abbreviated application"" (21 cfr 314",Approval
Other/Unspecified,"it relies on an in vitro drug release rate test that has yet to be developed, and because it involves the measurement of 1 a reference listed drug, o",Approval
Other/Unspecified,"the drug product upon which an applicant relies in seeking approval of its abbreviated application"" (21 cfr 314",Approval
Other/Unspecified,an rld because doing so will allow sponsors of and as of fluoxetine hydrochloride tablets to pursue approval of 60 mg fluoxetine hydrochloride tablet,Approval
Other/Unspecified,"an rld, an anda referencingthis drug product may not be submitted, effectively shielding the drug product from generic competition",Approval
Other/Unspecified,edgemont's 60 mg fluoxetine hydrochloride tablet product is a single source product,Approval
Other/Unspecified,head of regulatory affairs zydus pharmaceuticals (usa) inc,Approval
Other/Unspecified,: food and drug administration silver spring,Approval
Other/Unspecified,"e capsules, 60 milligrams (mg), marketed by kremers urban pharmaceuticals inc",Approval
Bioequivalence Demonstrated,the reference standard for performing in vivo bioequivalence (be) testing,Approval
Other/Unspecified,"the rld in the orange book, is not available in the marketplace",Approval
Other/Unspecified,"amikin has been moved to the discontinued drug product list section of the orange book, and you are requesting that fda a generic drug product as an",Approval
Other/Unspecified,a request to designate a therapeutically equivalent product as the reference standard for a proposed generic drug product to use in conducting bioequ,Approval
Other/Unspecified,"moved to the discontinued drug product list section of the orange book, the agency designated eurohealth's amikacin sulfate injection as the referenc",Approval
FDA Agrees/Warrants Action,"determined that distribution ofeurohealth's amikacin sulfate injection product is very low, and fda therefore agrees that it is appropriate to design",Approval
Bioequivalence Demonstrated,"t shows: (a) a bioequivalence study using appropriate, validated clinical endpoints conducted in patients with clostridium difficile-associated diarrh",Approval
Insufficient Evidence,ted conditions (c) in vitro dissolution tests (2) if fda detennines that it has insufficient information to establish bioequivalenc,Approval
Other/Unspecified,that of the listed drug product,Approval
Other/Unspecified,"an rld because it is the only listed drug for potassium chloride for oral solution, usp, 20 meq, in the orange book",Approval
Other/Unspecified,"an rld, an anda referencing this drug product may not be submitted, effectively shielding the drug product from generic competition",Approval
Other/Unspecified,"sium chloride for oral solution, usp, 20 meq, manufactured by pharma, under nda 208019, as an rld",Approval
Other/Unspecified,sium chloride for oral 3 § 3 l 4,Approval
Other/Unspecified,"ons described in this response, the petition is granted",Approval
Bioequivalence Demonstrated,a reference listed drug (rld) in the approved drug products with therapeutic equivalence evaluations (the orange book),Approval
Other/Unspecified,"ons described below, your petition is granted",Approval
Other/Unspecified,"thioplex injection has been moved to the discontinued drug product list section of the orange book, we interpret your request as a request to designa",Approval
Bioequivalence Demonstrated,the reference standard for a proposed generic drug product to use in conducting any bioequivalence studies to support approval,Approval
Other/Unspecified,"designated as the reference standard for thiotepa injection, 15 mg/vial",Approval
Safety Established,sities as therapeutically equivalent those products that meet the following general criteria: ( i) they are approved as safe and effective: (2) they a,Approval
Other/Unspecified,the rld has been moved to 4 id,Approval
Safety Established,sifies as therapeutically equivalent those products that meet the following general criteria: (i) they are approved as safe and effective; (2) they ar,Approval
Other/Unspecified,"there is no nda approved for a 750 mg dose, and you are requesting that fda designate a generic drug product as an rld, we interpret your request as",Approval
Other/Unspecified,a reference standard,Approval
Other/Unspecified,"a reference standard because it is the first approved generic drug product that contains the change in the approved suitability petition, docket no",Approval
Other/Unspecified,a reference standard,Approval
Other/Unspecified,"ons described in this response, the petition is granted",Approval
Other/Unspecified,"no nda approved for a 750 mg dose, and you are requesting that fda designate a generic drug product as an rld, we interpret your request as a request",Approval
Safety Established,"reviewed its records and determined that parafon forte dsc ( chlorzoxazone) tablets, 500 mg, were not withdrawn from sale for reasons of safety or ef",Approval
Other/Unspecified,"ons described below, your petition is granted",Approval
Other/Unspecified,"the same active ingredient(s), dosage form, route of administration, strength, conditions ofuse, and, with certain exceptions, labeling as the listed",Approval
Other/Unspecified,a second rld because it is not listed as therapeutically paragraph (j)(5) was redesignated as paragraph (j)(6) (see section 119(b) of the food and dr,Approval
Other/Unspecified,"a second rld, an anda referencing this drug product may not be submitted, effectively shielding the drug product from generic competition",Approval
Other/Unspecified,"ons described in this response, the petition is granted",Approval
Other/Unspecified,"ed on our records, we have determined that levothroid is not currently commercially available",Approval
Other/Unspecified,moved the drug product to the discontinued drug product list section of the orange book,Approval
Safety Established,reviewed its records and determined that levothroid was not withdrawn from sale for reasons of safety or effectiveness,Approval
Other/Unspecified,"designated the only available generic to levothroid (mylan's levothyroxine product), approved in anda 076187, as the reference standard for anda appl",Approval
Bioequivalence Demonstrated,therapeutically equivalent to three other levothyroxine sodium tablet rlds and has therefore been assigned therapeutic equivalence (te) codes of abl,Approval
Other/Unspecified,"described in the orange book, ""[b]ecause there are multiple [rlds]",Approval
Other/Unspecified,"our records, we have determined that levothroid is not currently commercially available",Approval
Other/Unspecified,levothroid is not currently commercially available,Approval
Other/Unspecified,that mylan's levothyroxine product is identified in the orange book as therapeutically equivalent to three other levothyroxine sodium tablet rlds and,Approval
Safety Established,"an rld because there is no designated rld for the drug product, the safety and effectiveness of the drug have been established through the 505(b) reg",Approval
Other/Unspecified,detennined by fda on the basis of commercial data,Approval
Other/Unspecified,"ons described in this response, the petition is granted",Approval
Safety Established,"no designated rld for the drug product, the safety and effectiveness of the drug have been established through the 505(b) regulatory pathway, and nda",Approval
Safety Established,"an rld because there is no designated rld for the drug product, the safety and effectiveness ofthe drug have been established through the 505(b) regu",Approval
Other/Unspecified,"tic container, held by baxter healthcare under nda 019022, as an rld",Approval
Other/Unspecified,"ons described in this response, the petition is granted",Approval
Safety Established,"no designated rld for the drug product, the safety and effectiveness ofthe drug have been established through the 505(b) regulatory pathway, and this",Approval
Other/Unspecified,"first approved by fda in 1971 as a sterile solution for intravenous, intramuscular, and subcutaneous administration",Approval
Other/Unspecified,"al spray, the first approved nasal spray version of naloxone hydrochloride",Approval
Other/Unspecified,al spray delivers a single dose of naloxone by a single-use nasal spray that does not require assembly,Approval
Other/Unspecified,"al spray is currently approved in two strengths, 2 mg/spray and 4 mg/spray",Approval
Other/Unspecified,"al spray is indicated for the emergency treatment of known or suspected opioid overdose, as manifested by respiratory and/or central nervous system de",Approval
Other/Unspecified,emergency therapy in settings where opioids may be present,Approval
Other/Unspecified,"tic container, held by hospira under new drug application (nda) 018090, as a reference listed drug (rld) in the approved drug products with therapeu",Approval
Other/Unspecified,"ons described below, your petition is granted",Approval
Other/Unspecified,"an additional rld because evomela carries an additional approved indication for ""use as a high-dose conditioning treatment prior to hematopoietic pro",Approval
Other/Unspecified,"an additional rld, the drug will effectively be shielded from generic competition",Approval
Other/Unspecified,"e/vial, as an additional rld",Approval
Other/Unspecified,"a sterile, nonpyrogenic, freeze-dried powder",Approval
Other/Unspecified,"tic container, approved under abbreviated new drug application (anda) 090343 held by acs dobfar, as a ""reference listed drug"" (rld) in the approved",Approval
Other/Unspecified,"ons described below, your petition is granted",Approval
Other/Unspecified,"the rld has been discontinued, and you are requesting that fda designate a generic drug product as an rld, we interpret your request as a request for",Approval
Bioequivalence Demonstrated,a reference standard for a proposed generic drug product to use in conducting in vivo bioequivalence studies to support approval,Approval
Safety Established,"been demonstrated, and that can be expected to have the same clinical effect and safety profile when administered to patients under the conditions sp",Approval
Other/Unspecified,"tic container, held by hospira inc",Approval
Bioequivalence Demonstrated,a reference listed drug (rld) in the approved drug products with therapeutic equivalence evaluations (the orange book),Approval
Other/Unspecified,"ons described below, your petition is granted",Approval
Other/Unspecified,that of the listed drug product,Approval
Other/Unspecified,an applicant uses an alternative approach to assess adhesion or evaluate irritation and sensitization potential,Approval
Bioequivalence Demonstrated,"with all of our product-specific bioequivalence guidances, the recommendations in the draft buprenorphine er film guidance are not binding on fda or",Approval
Other/Unspecified,sess adhesion or to evaluate irritation and sensitization potential if the approach satisfies the requirements of the applicable statutes and regulati,Approval
Bioequivalence Demonstrated,"and andas referencing butrans in the petition, you state that fda should require the use of partial auc measures to evaluate the bioequivalence of an",Approval
Other/Unspecified,"its listed drug relied upon or anda referencing butrans as its reference listed drug (rld)4 (petition at 1-2, 5-7; supplement at 2-3)",Approval
Other/Unspecified,"ed solely on the auc, calculated to the last measured concentrati",Approval
Other/Unspecified,"the rld because, due to ""market unavailability"" of pennsaid, ""evaluation/comparison of a macleods generic drug could not be executed"" (petition at 3)",Approval
Other/Unspecified,"a preliminary matter, we note that an rld generally is a drug product approved under section 505( c) of the fd&c act based on full reports of investi",Approval
Other/Unspecified,is for submission of an anda for diclofenac sodium topical solution 1,Approval
Other/Unspecified,"been withdrawn from sale, that product has been moved to the discontinued drug product list section of the orange book",Approval
Safety Established,"been demonstrated, and that can be expected to have the same clinical effect and safety profile when admini",Approval
Safety Established,full reports of investigations of safety and effectiveness,Approval
Safety Established,that an rld generally is a drug product approved under section 505( c) of the fd&c act based on full reports of investigations of safety and effectiv,Approval
Safety Established,not withdrawn for safety or effectiveness reasons,Approval
Other/Unspecified,the basis of submission and request a waiver of the requirement in 21 cfr 314,Approval
Other/Unspecified,"approved originally for the following indications: ( 1) emergency treatment of allergic reactions (type 1 ), including anaphylaxis, and (2) induction",Approval
Other/Unspecified,is during intraocular surgery,Approval
Safety Established,the original formulation was not withdrawn for safety or effectiveness reasons,Approval
Other/Unspecified,"ed on our review of this information and for the reasons described below, the petition is granted insofar as an anda that relies on provayblue as the",Approval
Other/Unspecified,"a reference to the concentration of 5 milligrams (mg)/milliliter (ml), as reflected in the fda approved labeling for nda 204630",Approval
Other/Unspecified,"our review of this information and for the reasons described below, the petition is granted insofar as an anda that relies on provayblue as the refer",Approval
Procedural Issue,"that fda regulations in 21 cfr part 314, applications for fda approval to market a new drug, use “active ingredient” and “drug substance” but not “ap",Approval
Safety Established,not withdrawn for safety or effectiveness reasons,Approval
Other/Unspecified,the basis of submission and request a waiver of the requirement in 21 cfr 314,Approval
Other/Unspecified,"approved originally for the following indications: ( 1) emergency treatment of allergic reactions (type 1 ), including anaphylaxis, and (2) induction",Approval
Other/Unspecified,is during intraocular surgery,Approval
Safety Established,the original formulation was not withdrawn for safety or effectiveness reasons,Approval
FDA Agrees/Warrants Action,"follows: the commissioner may grant or deny a petition, in whole or in part; and may grant such other relief or take such other action as is warrante",Approval
Other/Unspecified,e is not frivolous and is being pursued in good faith,Approval
Sufficient Evidence,"demonstrated sound public policy grounds supporting 7 see amendment letter from pmrs to fda dated august 25, 2016, available at https://www",Approval
Other/Unspecified,a reference standard,Approval
Safety Established,"been demonstrated, and that can be expected to have the same clinical effect and safety profile when administered to patients under the conditions sp",Approval
Other/Unspecified,that of the listed drug product,Approval
Other/Unspecified,a reference standard,Approval
Other/Unspecified,"ed on our review, we have determined that bactroban calcium cream, eq 2% base (nda 050746) has been discontinued, and we are moving nda 050746 to the",Approval
Other/Unspecified,"you requested, we have selected glenmark's mupirocin calcium cream, eq 2% base (anda 201587) as the reference standard because this drug is the marke",Approval
Other/Unspecified,detennined by fda on the basis of commercial data,Approval
Other/Unspecified,"ons described in this response, the petitions are granted",Approval
Safety Established,not withdrawn from sale for safety or effectiveness,Approval
Other/Unspecified,"our review, we have determined that bactroban calcium cream, eq 2% base (nda 050746) has been discontinued, and we are moving nda 050746 to the disco",Approval
Other/Unspecified,"bactroban calcium cream, eq 2% base (nda 050746) has been discontinued, and we are moving nda 050746 to the discontinued section (discontinued drug p",Approval
Bioequivalence Demonstrated,that fda will not approve any anda that uses the reference standard to demonstrate bioequivalence until fda determines that the rld was not withdrawn,Approval
Other/Unspecified,a reference standard,Approval
Other/Unspecified,"ed on our review, we have determined that bactroban calcium cream, eq 2% base (nda 050746) has been discontinued, and we are moving nda 050746 to the",Approval
Other/Unspecified,"you requested, we have selected glenmark's mupirocin calcium cream, eq 2% base (anda 201587) as the reference standard because this drug is the marke",Approval
Other/Unspecified,detennined by fda on the basis of commercial data,Approval
Other/Unspecified,"ons described in this response, the petitions are granted",Approval
Safety Established,not withdrawn from sale for safety or effectiveness,Approval
Other/Unspecified,"our review, we have determined that bactroban calcium cream, eq 2% base (nda 050746) has been discontinued, and we are moving nda 050746 to the disco",Approval
Other/Unspecified,"bactroban calcium cream, eq 2% base (nda 050746) has been discontinued, and we are moving nda 050746 to the discontinued section (discontinued drug p",Approval
Bioequivalence Demonstrated,that fda will not approve any anda that uses the reference standard to demonstrate bioequivalence until fda determines that the rld was not withdrawn,Approval
Other/Unspecified,of the type or quantity of inactive ingredients included or the manner in which the inactive ingredients are included,Approval
Procedural Issue,issued implementing regulations on inactive ingredients in products proposed in andas,Approval
Safety Established,long as the anda demonstrates that the different inactive ingredients do not affect the safety or efficacy of the proposed drug product (21 cfr 314,Approval
Other/Unspecified,"for parenteral drug products, the only differences in excipients that are routinely permitted are changes in preservatives, buffers, and antioxidants",Approval
Other/Unspecified,the drug product upon which an applicant relies in seeking approval of its and a'' (2 1 cfr 314,Approval
Other/Unspecified,of the type or quantity of inactive ingredients included or the manner in which the active ingredients are included,Approval
Procedural Issue,issued implementing regulations on inactive ingredients in products proposed in andas,Approval
Safety Established,long as the anda demonstrates that the different inactive ingredients do not affect the safety or efficacy of the proposed drug product (21 cfr 314,Approval
Other/Unspecified,"for parenteral drug products, the only differences in inactive ingredients that are generally permitted are changes in preservatives, buffers, or ant",Approval
Other/Unspecified,the reference listed drug identified by the applicant,Approval
Other/Unspecified,that of the listed drug product,Approval
Other/Unspecified,e using a discriminating rate of release dissolution method capable of reliably detecting manufacturing differences over the characteristic release pr,Approval
Other/Unspecified,sesses (a) the initial burst of plasma estradiol levels following insertion of the first ring with low levels of estradiol over the remainder of first,Approval
Other/Unspecified,e in estradiol systemic exposure that occurs following insertion of the second ring 3,Approval
Other/Unspecified,the rld - optivar (azelastine hydrochloride) ophthalmic solution 0,Approval
Other/Unspecified,been discontinued from marketing,Approval
Other/Unspecified,"tine hydrochloride ophthalmic solution, 0",Approval
Other/Unspecified,"a reference standard, rather than the anda identified in your petition",Approval
Other/Unspecified,the reference standard because this drug is the market leader as determined by fda on the basis of commercial data,Approval
Other/Unspecified,"tine hydrochloride ophthalmic solution, 0",Approval
Other/Unspecified,the reference standard,Approval
Safety Established,"been demonstrated, and that can be expected to have the same clinical effect and safety profile when administered to patients under the conditions sp",Approval
Other/Unspecified,that of the listed drug product,Approval
Bioequivalence Demonstrated,been so limited that it would be difficult for yiling to obtain a sufficient quantity of this drug product for in vivo bioequivalence testing,Approval
Safety Established,"been demonstrated, and that can be expected to have the same clinical effect and safety profile when administered to patients under the conditions sp",Approval
Other/Unspecified,that of the listed drug product,Approval
Other/Unspecified,an rs because it is therapeutically equivalent to the discontinued rld and is the current market leader based on units sold,Approval
Other/Unspecified,"ons described in this response, the petition is granted, and fda will identify anda 040644 for cyproheptadine hydrochloride tablets, usp 4 mg, held by",Approval
Other/Unspecified,a reference standard,Approval
Other/Unspecified,"ed on our review, we have determined that bactroban calcium cream, eq 2% base (nda 050746) has been discontinued, and we are moving nda 050746 to the",Approval
Other/Unspecified,"you requested, we have selected glenmark's mupirocin calcium cream, eq 2% base (anda 201587) as the reference standard because this drug is the marke",Approval
Other/Unspecified,detennined by fda on the basis of commercial data,Approval
Other/Unspecified,"ons described in this response, the petitions are granted",Approval
Safety Established,not withdrawn from sale for safety or effectiveness,Approval
Other/Unspecified,"our review, we have determined that bactroban calcium cream, eq 2% base (nda 050746) has been discontinued, and we are moving nda 050746 to the disco",Approval
Other/Unspecified,"bactroban calcium cream, eq 2% base (nda 050746) has been discontinued, and we are moving nda 050746 to the discontinued section (discontinued drug p",Approval
Bioequivalence Demonstrated,that fda will not approve any anda that uses the reference standard to demonstrate bioequivalence until fda determines that the rld was not withdrawn,Approval
Other/Unspecified,", according to your petition, the current reference standard product, lamisil (terbinafine hydrochloride) tablets, 250 mg, approved under nda 020539 h",Approval
Other/Unspecified,"the market leader based on units sold per ims data from january 2018 through september 2018, but do not specifically request that aurobindo’s product",Approval
Other/Unspecified,the new reference standard (petition at 2 and exhibit 4),Approval
Other/Unspecified,"ed on this and other information available to the agency, fda concludes that lamisil (terbinafine hydrochloride) tablets, 250 mg, nda 020539 held by n",Approval
Other/Unspecified,"units sold per ims data from january 2018 through september 2018, but do not specifically request that aurobindo’s product be selected as the new ref",Approval
Other/Unspecified,"this and other information available to the agency, fda concludes that lamisil (terbinafine hydrochloride) tablets, 250 mg, nda 020539 held by novart",Approval
Other/Unspecified,that of the listed drug product,Approval
Other/Unspecified,"ed on the information available to us, fda concludes that anda 040708 held by lannett company, inc",Approval
Safety Established,"been demonstrated, and that can be expected to have the same clinical effect and safety profile when administered to patients under the conditions sp",Approval
Other/Unspecified,"the information available to us, fda concludes that anda 040708 held by lannett company, inc",Approval
Other/Unspecified,"ed on this, and other information available to the agency, fda concludes that the rld/reference standard efudex, fluorouracil topical solution, 5%, is",Approval
Other/Unspecified,"the new reference standard for fluorouracil topical solution, 5%, because it is therapeutically equivalent to efudex (fluorouracil topical solution),",Approval
Other/Unspecified,determined by fda on the basis of commercial data,Approval
Other/Unspecified,"ons described in this response, the petition is granted to the extent that it requests that fda select anda 076526 for, fluorouracil top",Approval
Other/Unspecified,"this, and other information available to the agency, fda concludes that the rld/reference standard efudex, fluorouracil topical solution, 5%, is unav",Approval
FDA Agrees/Warrants Action,"it is appropriate to select anda 076526 , as the new reference standard for fluorouracil topical solution, 5%, because it is therapeutically equivale",Approval
Other/Unspecified,that of the listed drug product and the proposed change is consistent with dosing recommendations in the labeling of the listed drug,Approval
Other/Unspecified,withdrawal of the reference standard are relevant or required at this time,Approval
Other/Unspecified,to reference standards approved in andas,Approval
Already Addressed/Moot,"your proposed anda seeks to reference the rld and as noted, that determination has already been made as to the rld, no additional decisions regarding",Approval
Other/Unspecified,ons for withdrawal of the reference standard are relevant or required at this time,Approval
Safety Established,been approved under section 505(c) of the fd&c act for safety and effectiveness or under section 505(j) of the fd&c act; (2) whose approval has not b,Approval
Safety Established,not been withdrawn from sale for what fda has determined are reasons of safety or effectiveness,Approval
Other/Unspecified,the drug product on which an applicant,Approval
Other/Unspecified,"ed on this information, fda concludes that the current reference standard, valeant’s gris- peg (ultramicrosize griseofulvin) tablets, 250 mg, drug pro",Approval
FDA Agrees/Warrants Action,determined it is appropriate for the agency to select a new reference standard,Approval
Other/Unspecified,"the new reference standard for ultramicrosize griseofulvin tablets, 250 mg",Approval
Other/Unspecified,determined by fda based on commercial data,Approval
Other/Unspecified,"this information, fda concludes that the current reference standard, valeant’s gris- peg (ultramicrosize griseofulvin) tablets, 250 mg, drug product",Approval
FDA Agrees/Warrants Action,"it is appropriate to select anda 204371 held by mountain llc as the new reference standard for ultramicrosize griseofulvin tablets, 250 mg",Approval
Other/Unspecified,sification identifies ndma as “group 2a: probably carcinogenic to humans,Approval
Sufficient Evidence,"stated in supplement 7 (at page 31), the group 2a “category is used when there is limited evidence of carcinogenicity in humans and sufficient eviden",Approval
Sufficient Evidence,sified into this category solely on the basis of limited evidence of carcinogenicity in humans or of sufficient evidence of carcinogenicity in experim,Approval
Sufficient Evidence,limited evidence of carcinogenicity in humans and sufficient evidence of carcinogenicity in experimental animals,Approval
Other/Unspecified,that of the listed drug product,Approval
Other/Unspecified,"the new reference standard for galantamine hydrobromide oral tablets, eq 4 mg base",Approval
Safety Established,"been demonstrated, and that can be expected to have the same clinical effect and safety profile when administered to patients under the conditions sp",Approval
Other/Unspecified,determined by fda based on commercial data,Approval
Other/Unspecified,"ons described in this response, the petition is granted in that fda will identify anda",Approval
FDA Agrees/Warrants Action,"it is appropriate to select anda 077604 held by yabao as the new reference standard for galantamine hydrobromide oral tablets, eq 4 mg base",Approval
Other/Unspecified,that of the listed drug product,Approval
Other/Unspecified,that of the listed drug product,Approval
Other/Unspecified,"ed on our review of these materials and for the reasons stated below, the petition is granted",Approval
Other/Unspecified,e mean arterial blood pressure in 1 petition at 1,Approval
Safety Established,withdrawn from sale for reasons of safety or efficacy,Approval
Other/Unspecified,"being held by par sterile products, llc (par)",Approval
Other/Unspecified,"our review of these materials and for the reasons stated below, the petition is granted",Approval
Other/Unspecified,"that the petition identified nda 204640 as being held by par sterile products, llc (par)",Approval
Other/Unspecified,"ons explained below, we are granting the requests in the 2022 petition",Approval
Other/Unspecified,"originally approved on september 22, 2015, for the treatment of patients with metastatic colorectal cancer who have been previously treated with fluo",Approval
Other/Unspecified,"ed chemotherapy, an anti-vascular endothelial growth factor (vegf) biological therapy, and, if ras wild-type,4 an anti-endothelial growth factor recep",Approval
Other/Unspecified,"ed nucleoside analog, which can be incorporated into dna following phosphorylation and inhibit cell proliferation",Approval
Other/Unspecified,"e inhibitor, which inhibits the degradation of trifluridine, leading to increased",Approval
Other/Unspecified,that of the listed drug product,Approval
Other/Unspecified,"ons described below, we are granting one of your requests related to revisions to the labeling for one vaccine to describe updated clinical trial data",Approval
Other/Unspecified,"ons described below, we conclude that the petition does not contain facts demonstrating any reasonable grounds for the other requested actions",Approval
Other/Unspecified,"ons stated below, fda is denying these other requests in the petition",Approval
Other/Unspecified,that the petition does not contain facts demonstrating any reasonable grounds for the other requested actions,Approval
Other/Unspecified,that of the listed drug product,Approval
Other/Unspecified,"ons set forth below, we are denying your request to amend section 1 0",Approval
Other/Unspecified,"grounds for the petition, you claim the “information has been requested through foia ‘3 or more times’ and fda is now required to comply with 5 u",Approval
Other/Unspecified,ed to any person under [foia]; and … that have been requested 3 or more times[,Approval
Other/Unspecified,"saulting citizen, after being caught regulating by opinion instead of law",Approval
Other/Unspecified,"grounds for the petition, you claim the “information has been requested through foia ‘3 or more times’ and fda is now required to comply with 5 u",Approval
Other/Unspecified,ed to any person under [foia]; and … that have been requested 3 or more times[,Approval
Other/Unspecified,"e “pharmacies of hospitals or other health care entities” as used in section 503 of the federal food, drug, and cosmetic act (the act) (21 u",Approval
Other/Unspecified,t to similar inquiries,Approval
Other/Unspecified,"ons stated below, your petition is granted",Approval
Other/Unspecified,"enacted on april 22,1988, and was modified by the prescription drug amendments of 1992 (pda) on august 26, 1992",Approval
Other/Unspecified,"modified by the pda, amende",Approval
Other/Unspecified,ma levels for each route of administration for each naloxone product intended for the emergency treatment of suspected opioid overdose; • [e]valua,Approval
Other/Unspecified,"grounds for the petition, you claim the “information has been requested through foia ‘3 or more times’ and fda is now required to comply with 5 u",Approval
Other/Unspecified,ed to any person under [foia]; and … that have been requested 3 or more times[,Approval
Other/Unspecified,"grounds for the petition, you claim the “information has been requested through foia ‘3 or more times’ and fda is now required to comply with 5 u",Approval
Other/Unspecified,ed to any person under [foia]; and … that have been requested 3 or more times[,Approval
Other/Unspecified,"sociation 1650 king street, suite 500 alexandria, virginia 22314 ' re: cranial helmet citizen petition dated : march 3, 2000 received: march 13",Approval
Other/Unspecified,received your citizen petition requesting the classification of the cranial helmet,Approval
Other/Unspecified,sified as a class i device exempt from the premarket notification requirements,Approval
Other/Unspecified,"sociation ’ 1650 king street, suite 500 alexandria, virginia 223 14 ’ ’ re: cranial helmet citizen petition dated: march 3,200o received: mar",Approval
Other/Unspecified,received your citizen petition requesting the classification of the cranial helmet,Approval
Other/Unspecified,sified as a class i device exempt from the premarket notification requirements,Approval
Procedural Issue,"drugs, devices or combination products; amendments to the regulations regarding 'intended uses"" ', which was published in the federal register on jan",Approval
Other/Unspecified,"ons stated below, your petition is granted in part and denied in part",Approval
Other/Unspecified,published in a previous action could be misleading of the current status of the device since the product code only reflects the status of the device,Approval
Other/Unspecified,sification database at https://www,Approval
Procedural Issue,sification regulation,Approval
Procedural Issue,sification regulation,Approval
Other/Unspecified,ons your petition is g,Approval
Procedural Issue,classification regulation,Approval
Other/Unspecified,"that request is being granted, we do not address such concerns substantively here",Approval
Other/Unspecified,ide one hour for the oph portion of the meeting,Approval
Other/Unspecified,"of albuterol’s relatively rapid onset of action, albuterol mdis are frequently used as “rescue” inhalers for treatment of bronchospasm during acute e",Approval
Other/Unspecified,"a replacement for hazardous materials then used in refrigeration, such as sulfur dioxide and ammonia",Approval
Other/Unspecified,"solvents and as propellants in self-pressurized aerosol prohucts, such as h;ldis",Approval
Other/Unspecified,well as the interpretive criteria in the fda- approved labels of antimicrobial agents that can be tested by antimicrobial susceptibility test (ast) d,Approval
Other/Unspecified,"ons given below, we are granting in part your first request and denying your second request",Approval
Safety Established,suring the safety and effectiveness of antimicrobial drug products [21 code of federal regulation (cfr) 3 14,Approval
Other/Unspecified,"below, we are granting in part your first request and denying your second request",Approval
Other/Unspecified,"the uses and route of adrn~~s~at~~n of the proposed drug product are the same as that of the listed drug product, in addition, the labeling for the r",Approval
Other/Unspecified,the maximum daily dose for adolescents 13 to 17 years of age,Approval
Other/Unspecified,"er-assisted in situ keratomileusis (lasik) surgery, as well as medical devices used in phakic intraocular lens (piol) implantation",Approval
Other/Unspecified,", but peps have been commercially available since before the enactment of the act in 1938 and the drug efficacy study implementation (desi) requiremen",Approval
Other/Unspecified,ed practice recommendations for nutrition-related management of children and adults with cystic fibrosis and pancreatic insufficiency: results of a sy,Approval
Other/Unspecified,sociation 2008 ; 108:832,Approval
Other/Unspecified,"completed its review of your citizen petitions filed on may 2, 2011 , and assigned docket number fda-2011-p-0331",Approval
Other/Unspecified,"considered as part of the basis for fda's proposed rule to ban powdered surgeon's gloves, powdered patient examination gloves, and absorbable powder",Approval
Other/Unspecified,"explained in more detail below, determining the feasibility of conducting a particular postmarketing clinical trial involves a fact-specific determin",Approval
Insufficient Evidence,"your petition lacks critical facts necessary to make such a determination, such as which specific drug products you would like studied, our ability t",Approval
Other/Unspecified,ibility of conducting a postmarketing clinical trial as outlined by the petition is limited,Approval
Other/Unspecified,ibility of conducting a postmarketing clinical trial as described in the petition,Approval
Other/Unspecified,ibility of a postmarketing clinical trial being conducted in the prisoner population suffering from hepatitis c as a general i although the petition m,Approval
Other/Unspecified,t device; explain the considerations for submitting separate applications to the center for drug evaluation and research (cder) and the center for dev,Approval
Other/Unspecified,"t device coincident with, or soon following, antimicrobial drug approval; and clarify that the review of the new antimicrobial drug product and ast de",Approval
Safety Established,"withdrawn for reasons of safety, but whether an approved generic sponsor, like armenpharm, might be permitted to make this important antibiotic and d",Approval
Other/Unspecified,"documented in the literature, might be properly evaluated and documented while, at the same time, this unused antibiotic for which resistance has not",Approval
Other/Unspecified,"you know, this drug is still made and marketed in the u",Approval
Safety Established,because we find that the proposed added strength does not require you to conduct investigations to show the safety and effectiveness of the generic ne,Approval
Safety Established,we find that the proposed added strength does not require you to conduct investigations to show the safety and effectiveness of the generic new anima,Approval
Other/Unspecified,sessment for this agency requested action is 21 cfr 25,Approval
Other/Unspecified,sessment as set forth in 21 cfr 25,Approval
Safety Established,that the proposed added strength does not require you to conduct investigations to show the safety and effectiveness of the generic new animal drug f,Approval
Safety Established,because we find that the proposed change in dosage form does not require you to conduct investigations to show the safety and effectiveness of the gen,Approval
Safety Established,we find that the proposed change in dosage form does not require you to conduct investigations to show the safety and effectiveness of the generic ne,Approval
Safety Established,that the proposed change in dosage form does not require you to conduct investigations to show the safety and effectiveness of the generic new animal,Approval
Other/Unspecified,"completed its review of edwards life sciences, llc's·(edwards) may 6, 2014, citizens petition, as supplemented on june 9, 2014, seeking a variance fr",Approval
Other/Unspecified,"addressed- to the agency's satisfaction- the violations identified in the premarket approval, official action indicated letter issued to edwards on m",Approval
Other/Unspecified,"been shown to be a life-saving therapy for many patients who are deemed inoperable for surgical aortic valve replacement (savr), as well",Approval
Safety Established,because we find that the proposed change in dosage form does not require you to conduct investigations to show the safety and effectiveness of the gen,Approval
Safety Established,we find that the proposed change in dosage form does not require you to conduct investigations to show the safety and effectiveness of the generic ne,Approval
Safety Established,that the proposed change in dosage form does not require you to conduct investigations to show the safety and effectiveness of the generic new animal,Approval
Other/Unspecified,"converted from a petition for reconsideration that was originally submitted on september 2, 2009 on behalf of citizens for health et al",Approval
Other/Unspecified,sociated with adverse effects in the brain and kidneys,Approval
Sufficient Evidence,", according to chpa, there is not sufficient scientific evidence to refute the efficacy of phenylephrine at the dose for which it is included in the c",Approval
Premature/Pending Action,"pending with the agency, the coronavirus aid, relief, and economic security act (cares act) was enacted,3 adding section 505g to the federal food, dr",Approval
Other/Unspecified,pects of the legal framework for nonprescription drug products marketed without an approved application,Approval
Other/Unspecified,"a result of the enactment of section 505g of the fd&c act, the process by which the agency evaluates a request for an addition to or revision o",Approval
Sufficient Evidence,not sufficient scientific evidence to refute the efficacy of phenylephrine at the dose for which it is included in the corresponding final monograph,Approval
Other/Unspecified,"reviewed the above referenced petition for exemption from premarket notification (510(k)) pursuant to section 510(m)(2) of the federal food, drug and",Approval
Other/Unspecified,ms) and to alter postural positions,Approval
Other/Unspecified,class ii devices under 21 cfr 890,Approval
Other/Unspecified,"ons set forth below, your petition is granted in part and denied in part",Approval
Other/Unspecified,"infection, acute respiratory distress syndrome, or multiple organ failure, among other significant adverse events",Approval
Other/Unspecified,"cular, intravisceral, intramuscular), patient population, and nature or class of the particulates 1 for the purposes of this response to your petition",Approval
Safety Established,because we find that the proposed additional tablet strength does not require you to conduct investigations to show the safety and effectiveness of th,Approval
Safety Established,we find that the proposed additional tablet strength does not require you to conduct investigations to show the safety and effectiveness of the gener,Approval
Safety Established,that the proposed additional tablet strength does not require you to conduct investigations to show the safety and effectiveness of the generic new a,Approval
Safety Established,because we find that the proposed change in dosage form does not require you to conduct investigations to show the safety and effectiveness of the gen,Approval
Safety Established,we find that the proposed change in dosage form does not require you to conduct investigations to show the safety and effectiveness of the generic ne,Approval
Other/Unspecified,"e use the following language on the labeling : ""the product can be offered to the dog by hand or in a small amount of dog food",Approval
Other/Unspecified,"been lost, redosing is recommended """,Approval
Safety Established,that the proposed change in dosage form does not require you to conduct investigations to show the safety and effectiveness of the generic new animal,Approval
Other/Unspecified,"ed on our review of these materials and for the reasons discussed below, your petition is granted",Approval
Other/Unspecified,"noted in the approved labeling, kenalog-40 is suitable for intramuscular or intra-articular use only",Approval
Other/Unspecified,"our review of these materials and for the reasons discussed below, your petition is granted",Approval
Safety Established,fda concluded that the drug can be safely used only if its distribution or use is restricted (e,Approval
Safety Established,"sure safe use"" or under 505-1 (f)(3) of the federal food, drug, and cosmetic act (fd&c act) ""risk evaluation and mitigation strategies"" elements to as",Approval
Other/Unspecified,resistant maltodextrin/dextrin,Approval
Other/Unspecified,"the beneficial physiological effects, we did not evaluate attenuation of the postprandial glycemic response for purposes ofthis response and are basi",Approval
Other/Unspecified,"ing calcium absorption and body retention, as well as bone formation",Approval
Other/Unspecified,"""resistant maltodextrin"" (petition at attachment a, page 7) and is composed of non-digestible oligosaccharides of glucose molecules that are joined b",Approval
Other/Unspecified,these are the same four linkages found i,Approval
Other/Unspecified,t one anda may be seeking approval of a generic sodium oxybate product with labelin,Approval
Other/Unspecified,"""non-digestible soluble and insoluble carbohydrates (with 3 or more monomeric units), and lignin that are intrinsic and intact u",Approval
Insufficient Evidence,"the petition's formal request at the outset is that fda ""[a]mend current black box warnings on all opioid analgesic and benzodiazepine class medicati",Approval
Other/Unspecified,"ses of medications"" (emphasis added), fda interprets the scope of the petition to cover only opioid analgesic drugs and benzodiazepines",Approval
Other/Unspecified,ses of medications that specifically warn patients of the potential dangers of combined use of opioids and benzodiazepines,Approval
Other/Unspecified,"ons that follow, your petition is granted in part and denied in part",Approval
Other/Unspecified,decided to require a boxed warning and new or revised medication guide for opioid analgesic and prescription opioid cough drugs and benzodiazepine dr,Approval
Other/Unspecified,sociated with concomitant use of opio,Approval
Other/Unspecified,they believe fda requires it (petition at 3),Approval
Sufficient Evidence,skin or eye irritation] by the intended therapeutic route as part of the general toxicity studies; stand alone studies are generally not recommended,Approval
FDA Agrees/Warrants Action,"recommended in the enclosed, agreed-upon labeling text",Approval
Other/Unspecified,"soon as possible, but no later than 14 days from the date of this letter, submit the content of labeling [21 cfr 314",Approval
Other/Unspecified,described at http://www,Approval
Other/Unspecified,tandards/structuredproductlabeling/default,Approval
Other/Unspecified,well as annual reportable changes not included in the enclosed labeling,Approval
Other/Unspecified,"included in the labeling stating, “verbatim reports of diarrhea were recorded as adverse reactions; reports of loose stools and increase in stool fre",Approval
Other/Unspecified,adverse reactions if they were also reported to be bothersome to the patient,Approval
Other/Unspecified,"“all labels and other written, printed, or graphic matter (1) upon any article or any of its containers or wrappers, or (2) accompanying such article",Approval
Other/Unspecified,"ed on the nature of the proposed change, we recommend that you include chemistry, manufacturing, and controls information in your meeting request",Approval
Other/Unspecified,"the nature of the proposed change, we recommend that you include chemistry, manufacturing, and controls information in your meeting request",Approval
Other/Unspecified,"a dietary fiber through the proposed listing of ""mixed plant cell wall fibers"" as a dietary fiber",Approval
Other/Unspecified,"sociated with improved laxation and reduced blood cholesterol levels, respectively (81 fr 33742 at 33857, may 27, 2016)",Approval
Other/Unspecified,substances that are included in the category of mixed plant cell wall fibers (e,Approval
Other/Unspecified,"the petition’s focus is on the rescheduling of alprazolam and because the petition specifically requests a study on the “control” of alprazolam, we i",Approval
Other/Unspecified,asking fda to conduct a scientific and medical evaluation under 21 u,Approval
Other/Unspecified,"ons stated below, the petition’s first request is granted in part, and the petition’s second request is denied",Approval
Other/Unspecified,either prescription or nonprescription drug products,Approval
Other/Unspecified,a physiological effect that is beneficial to human health,Approval
Other/Unspecified,"""non-digestible soluble and insoluble carbohydrates (with 3 or more monomeric units), and lignin that are intrinsic and intact in plants; isolated or",Approval
Other/Unspecified,"ed on our review of this information, your petition is granted in part and denied in part",Approval
Other/Unspecified,"approved under part 314, subpart h (21 cfr part 314, subpart h), “accelerated approval of new drugs for serious or life-threatening illnesses” (subpa",Approval
Safety Established,sure the safe use of the drug product,Approval
Other/Unspecified,specified in the september 2000 approval letter,Approval
Other/Unspecified,identified as one of the products that was deemed to have in effect an approved rems under the food and drug administration amendments act of 2007 (f,Approval
Other/Unspecified,"on the effective date of title ix, subtitle a of fdaaa (march 2",Approval
Other/Unspecified,"our review of this information, your petition is granted in part and denied in part",Approval
Other/Unspecified,sification as “361 hct/ps” solely because they are labeled and/or advertised for use in post- mastectomy breast reconstruction”; and (2) “revise the f,Approval
Other/Unspecified,ed products: minimal manipulation and homologous use (2017) to present human adm allografts for post-mastectomy breast reconstruction as an example of,Approval
Other/Unspecified,"reviewed and considered the information submitted in your petition, including the supporting data provided in the docket",Approval
Other/Unspecified,"ons explained below, your petition is granted in part and denied in part",Approval
Other/Unspecified,"tectomy breast reconstruction human adm allografts are human cells, tissues, and cellular and tissue-based products (hct/ps) derived from donated huma",Approval
Other/Unspecified,tic connective tissue layer of 1 petition at 5,Approval
Other/Unspecified,extensively considered all the issues raised,Approval
Other/Unspecified,well as additional data and information relevant to the points raised in the petition,Approval
Other/Unspecified,"described by the petitioner refer to devices, and “methodologies” to bacterial risk control strategies",Approval
Other/Unspecified,"described below, the standards for approval and clearance of devices differ from one another and from the considerations relevant to the adequacy o",Approval
Other/Unspecified,"and consideration, the petition is granted in part and denied in part, for the reasons set forth below",Approval
Other/Unspecified,under section 512(n)(3)(c) of the act,Approval
Other/Unspecified,"defined under section 512(n)(3) of the federal food, drug, and cosmetic act (the act)",Approval
Safety Established,"that the proposed changes, do not require you to conduct investigations to show the safety and effectiveness of the generic new animal drug for its p",Approval
Other/Unspecified,more than one impurity was discovered in some of those medications,Approval
Other/Unspecified,not been the case with ranitidine,Approval
Other/Unspecified,"shampoos and cleansers that contain ndma, and breathing or inhaling cigarette smoke",Approval
Other/Unspecified,been classified as a probable carcinogen by the international agency for research on cancer (iarc),Approval
Sufficient Evidence,"ed on its review, iarc concluded that there was sufficient evidence of a carcinogenic effect of ndma in many experimental animals, and that despite th",Approval
Other/Unspecified,if it were carcinogenic to humans,Approval
Other/Unspecified,sification identifies ndma as “group 2a: probably carcinogenic to humans,Approval
Sufficient Evidence,"its review, iarc concluded that there was sufficient evidence of a carcinogenic effect of ndma in many experimental animals, and that despite the lac",Approval
Other/Unspecified,"e contact lauren (gypsi) feeney, dvm, director, division of generic animal drugs, at 240-402-0848 or at lauren",Approval
Other/Unspecified,"ed on our review of these materials, and for the reasons stated below, your petition is granted in part and denied in part",Approval
Other/Unspecified,"described more fully below, fda is approving today certain labeling changes to further clarify information on the risks related to dpd deficiency",Approval
Other/Unspecified,"our review of these materials, and for the reasons stated below, your petition is granted in part and denied in part",Approval
Other/Unspecified,more than one impurity was discovered in some of those medications,Approval
Other/Unspecified,"shampoos and cleansers that contain ndma, and breathing or inhaling cigarette smoke",Approval
Other/Unspecified,been classified as a probable carcinogen by the international agency for research on cancer (iarc),Approval
Sufficient Evidence,"ed on its review, iarc concluded that there was sufficient evidence of a carcinogenic effect of ndma in many experimental animals, and that despite th",Approval
Other/Unspecified,if it were carcinogenic to humans,Approval
Other/Unspecified,sification identifies ndma as “group 2a: probably carcinogenic to humans,Approval
Other/Unspecified,s of compounds referred to as nitrosamines,Approval
Sufficient Evidence,"its review, iarc concluded that there was sufficient evidence of a carcinogenic effect of ndma in many experimental animals, and that despite the lac",Approval
Other/Unspecified,"e contact lauren (gypsi) feeney, dvm, director, division of generic animal drugs, at 240-402-0848 or at lauren",Approval
Other/Unspecified,"e contact lauren (gypsi) feeney, dvm, director, division of generic animal drugs, at 240-402-0848 or at lauren",Approval
Other/Unspecified,"e contact lauren (gypsi) feeney, dvm, director, division of generic animal drugs, at lauren",Approval
Other/Unspecified,"e contact lauren (gypsi) feeney, dvm, director, division of generic animal drugs, at lauren",Approval
Sufficient Evidence,data from epidemiological studies of related drugs,Approval
Safety Established,sessment that: takes into account the extensive evidence of safety and effectiveness submitted by a sponsor,Approval
Public Health Benefit,"well as many other factors affecting the benefit risk assessment, including the nature and severity of the condition the drug is intended to treat or",Approval
Sufficient Evidence,sessment involves both quantitative analyses and a subjective qualitative weighing of the evidence,Approval
Safety Established,"a lack of substantial evidence that the drug is effective, the results of safety tes",Approval
Other/Unspecified,not obtained a right of reference or use from the person by or for whom the investigations were conducted,Approval
Other/Unspecified,defined in 21 cfr 314,Approval
Safety Established,"well as other information, to assess whether the safety, purity, and potency of the vaccine has been demonstrated",Approval
Public Health Benefit,ed on an evaluation of the entirety of the data and information included in the bla and its analysis of the benefits and risks for the intended popula,Approval
Other/Unspecified,well as the disease(s) to be prevented,Approval
Other/Unspecified,long been interpreted to include effectiveness,Approval
Public Health Benefit,an evaluation of the entirety of the data and information included in the bla and its analysis of the benefits and risks for the intended population,Approval
Other/Unspecified,"e contact lauren (gypsi) feeney, dvm, director, division of generic animal drugs, at lauren",Approval
Other/Unspecified,"e contact lauren (gypsi) feeney, dvm, director, division of generic animal drugs, at lauren",Approval
Other/Unspecified,"e contact lauren (gypsi) feeney, dvm, director, division of generic animal drugs, at lauren",Approval
Other/Unspecified,"it promotes the growth of cancer (fda-2010-p-0052); (4) fda to make a final decision on the citizen petition filed on october 2, 2008 (fda-2008-p-053",Approval
Other/Unspecified,sification of cornstarch powdered examination and surgical gloves and surgical dusting powder (fda-20 1 0-p-0352); (6) a fmal decision be made on the,Approval
Other/Unspecified,completed its review of the citizen petitions listed above from the petitioner and its responses are below,Approval
Other/Unspecified,"informed that the individual who submitted these petitions, dr",Approval
Other/Unspecified,"it promotes the growth of cancer (fda-2010-p-0052); (4) fda to make a final decision on the citizen petition filed on october 2, 2008 (fda-2008-p-053",Approval
Other/Unspecified,sification of cornstarch powdered examination and surgical gloves and surgical dusting powder (fda-20 1 0-p-0352); (6) a fmal decision be made on the,Approval
Other/Unspecified,completed its review of the citizen petitions listed above from the petitioner and its responses are below,Approval
Other/Unspecified,"informed that the individual who submitted these petitions, dr",Approval
Other/Unspecified,"it contains bazedoxifene, an active moiety that was previously unapproved before the agency approved the new drug application (nda) for duavee",Approval
Other/Unspecified,"approved on october 3, 2013",Approval
Other/Unspecified,eligible for 3-year exclusivity under section 505(c)(3)(e)(iii) and (j)(5)(f)(iii) of the fd&c act,Approval
Other/Unspecified,carefully considered your petition in light of the holding in ferrinf pharmaceuticals and the government's recent decision to withdraw,Approval
Other/Unspecified,"hat, md, mph researcher public citizen's health research group 1600 20th street, nw washington, dc 20009 re: fda-2016-p-4584 dear dr",Approval
Other/Unspecified,"hat: aug 0 7 2017 this letter responds to your citizen petition received on december 28, 2016 (petition), on behalf of public citizen's health rese",Approval
Other/Unspecified,"ks fda to require that: (1) ""the label ofrepaglinide-containing medications (prandin, prandimet) include information on a serious drug-drug interact",Approval
Other/Unspecified,"it contains cobicistat and elvitegravir, two active ingredients that were not present in a new drug application (nda) approved by fda before the appr",Approval
Other/Unspecified,"approved on august 27, 2012",Approval
Other/Unspecified,eligible for 3-year exclusivity under section 505(c)(3)(e)(iii) and u)(5)(f)(iii) of the fd&c act,Approval
Other/Unspecified,"it contains cobicistat and elvitegravir, neither of whic",Approval
Other/Unspecified,well as the numerous other comments submitted to the docket and additional relevant information available to the agency,Approval
Other/Unspecified,"ons set forth below, we grant the petition in part, and will revoke, as improperly granted, indivior's orphan-drug designation for buprenorphine for t",Approval
Other/Unspecified,"indivior, including during the time period covered by this petition",Approval
Other/Unspecified,nexus has not satisfied the requirements of 21 c,Approval
Other/Unspecified,not submitted any of the four types of documentation allowed by 21 c,Approval
Other/Unspecified,"a date on which melinta received notice from nexus of a paragraph iv patent certification submitted in anda 214934; that march 31, 2021 would thus be",Approval
Other/Unspecified,"no date, properly documented as required by 21 c",Approval
