Document ID,Petitioner,Petitioner_Category,Denial_Reason,Rationale_Depth
FDA-2001-P-0122-0001,Ruth Armstrong,Other,Other/Unspecified,Highly detailed
FDA-2001-P-0123-0188,The Center for Reproductive Law & Policy,Other,Other/Unspecified,Moderately detailed
FDA-2001-P-0123-0029,The Center for Reproductive Law & Policy,Other,Premature/Pending other action,Highly detailed
FDA-2001-P-0123-0186,The Center for Reproductive Law & Policy,Other,Procedural issue,Highly detailed
FDA-2001-P-0153-0002,Heather Brodie Perry,Other,Premature/Pending other action,Highly detailed
FDA-2004-P-0001-0004,Coalition for Mercury-free Drugs (CoMeD),Other,Premature/Pending other action,Highly detailed
FDA-2004-P-0009-0004,Public Citizen,Public Interest,Insufficient evidence/data,Highly detailed
FDA-2004-P-0014-0002,Pfizer Inc. - [Wiley Rein & Fielding Llp],Industry,Insufficient evidence/data,Highly detailed
FDA-2004-P-0017-0005,Pharmacists Planning Service,Industry,Other/Unspecified,Highly detailed
FDA-2004-P-0164-0006,Billy G. Pierson,Other,Procedural issue,Minimal
FDA-2004-P-0214-0028,"Genentech, Inc",Industry,Procedural issue,Highly detailed
FDA-2004-P-0274-0003,Alza Corporation,Industry,Premature/Pending other action,Highly detailed
FDA-2004-P-0278-0004,Center For Science In The Public Interest (Cspi),Other,Enforcement discretion,Highly detailed
FDA-2004-P-0295-0004,University Of Medicine And Dentistry Of New Jersey-Robert Wood Johnson Medical School,Other,Other/Unspecified,Highly detailed
FDA-2004-P-0418-0003,"Olsson,Frank and Weeda, P.C",Other,Other/Unspecified,Highly detailed
FDA-2005-P-0007-0007,Environmental Defense,Other,Procedural issue,Highly detailed
FDA-2005-P-0059-0080,American College Of Gastroenterology,Other,Procedural issue,Highly detailed
FDA-2005-P-0136-0003,Public Citizen,Public Interest,Other/Unspecified,Moderately detailed
FDA-2005-P-0190-0004,"Sterne, Kessler, Goldstein & Fox, P.L.L.C.",Other,Premature/Pending other action,Highly detailed
FDA-2005-P-0192-0005,Public Citzen'S Health Research Group,Other,Premature/Pending other action,Highly detailed
FDA-2005-P-0206-0003,Morton Grove Pharmaceuticals,Industry,Other/Unspecified,Highly detailed
FDA-2005-P-0256-0002,Public Citizen,Public Interest,Moot/Withdrawn,Brief
FDA-2006-P-0326-0002,Public Citizen Health Research Group,Public Interest,Premature/Pending other action,Highly detailed
FDA-2006-P-0329-0008,Mylan Laboratories Inc.,Industry,Premature/Pending other action,Highly detailed
FDA-2007-P-0003-0009,Purdue Pharma L.P.,Industry,Premature/Pending other action,Highly detailed
FDA-2007-P-0009-0010,The National Center On Addiction And Substance Abuse At Columbia University (Casa),Other,Insufficient evidence/data,Highly detailed
FDA-2007-P-0051-0003,Sidelines National Support Network,Other,Insufficient evidence/data,Highly detailed
FDA-2007-P-0055-0007,Pharmaceutical Scientist Inc.,Industry,Moot/Withdrawn,Highly detailed
FDA-2007-P-0064-0004,"Emil A. Tanghetti, M.D.",Other,Other/Unspecified,Highly detailed
FDA-2007-P-0110-0004,Physicians Committee For Responsible Medicine (Pcrm),Other,Other/Unspecified,Highly detailed
FDA-2007-P-0113-0028,Celgene Corporation,Industry,Moot/Withdrawn,Highly detailed
FDA-2007-P-0118-0025,"Dwight G. Castle. Rebecca Gilbert, James Whalen, Thomas J. Quinn, Michael E. Masterman, Jeffrey P. Frontier, John W. Shaw, Michael F. Clark, Dave Wayne, John Gilbert, Robert E. Parks, Shawn Bryant",Other,Enforcement discretion,Highly detailed
FDA-2007-P-0118-0026,"Dwight G. Castle. Rebecca Gilbert, James Whalen, Thomas J. Quinn, Michael E. Masterman, Jeffrey P. Frontier, John W. Shaw, Michael F. Clark, Dave Wayne, John Gilbert, Robert E. Parks, Shawn Bryant",Other,Enforcement discretion,Highly detailed
FDA-2007-P-0118-0027,"Dwight G. Castle. Rebecca Gilbert, James Whalen, Thomas J. Quinn, Michael E. Masterman, Jeffrey P. Frontier, John W. Shaw, Michael F. Clark, Dave Wayne, John Gilbert, Robert E. Parks, Shawn Bryant",Other,Enforcement discretion,Highly detailed
FDA-2007-P-0118-0028,"Dwight G. Castle. Rebecca Gilbert, James Whalen, Thomas J. Quinn, Michael E. Masterman, Jeffrey P. Frontier, John W. Shaw, Michael F. Clark, Dave Wayne, John Gilbert, Robert E. Parks, Shawn Bryant",Other,Enforcement discretion,Highly detailed
FDA-2007-P-0118-0029,"Dwight G. Castle. Rebecca Gilbert, James Whalen, Thomas J. Quinn, Michael E. Masterman, Jeffrey P. Frontier, John W. Shaw, Michael F. Clark, Dave Wayne, John Gilbert, Robert E. Parks, Shawn Bryant",Other,Enforcement discretion,Highly detailed
FDA-2007-P-0118-0030,"Dwight G. Castle. Rebecca Gilbert, James Whalen, Thomas J. Quinn, Michael E. Masterman, Jeffrey P. Frontier, John W. Shaw, Michael F. Clark, Dave Wayne, John Gilbert, Robert E. Parks, Shawn Bryant",Other,Enforcement discretion,Highly detailed
FDA-2007-P-0118-0031,"Dwight G. Castle. Rebecca Gilbert, James Whalen, Thomas J. Quinn, Michael E. Masterman, Jeffrey P. Frontier, John W. Shaw, Michael F. Clark, Dave Wayne, John Gilbert, Robert E. Parks, Shawn Bryant",Other,Enforcement discretion,Highly detailed
FDA-2007-P-0118-0032,"Dwight G. Castle. Rebecca Gilbert, James Whalen, Thomas J. Quinn, Michael E. Masterman, Jeffrey P. Frontier, John W. Shaw, Michael F. Clark, Dave Wayne, John Gilbert, Robert E. Parks, Shawn Bryant",Other,Enforcement discretion,Highly detailed
FDA-2007-P-0118-0033,"Dwight G. Castle. Rebecca Gilbert, James Whalen, Thomas J. Quinn, Michael E. Masterman, Jeffrey P. Frontier, John W. Shaw, Michael F. Clark, Dave Wayne, John Gilbert, Robert E. Parks, Shawn Bryant",Other,Enforcement discretion,Highly detailed
FDA-2007-P-0118-0034,"Dwight G. Castle. Rebecca Gilbert, James Whalen, Thomas J. Quinn, Michael E. Masterman, Jeffrey P. Frontier, John W. Shaw, Michael F. Clark, Dave Wayne, John Gilbert, Robert E. Parks, Shawn Bryant",Other,Enforcement discretion,Highly detailed
FDA-2007-P-0118-0035,"Dwight G. Castle. Rebecca Gilbert, James Whalen, Thomas J. Quinn, Michael E. Masterman, Jeffrey P. Frontier, John W. Shaw, Michael F. Clark, Dave Wayne, John Gilbert, Robert E. Parks, Shawn Bryant",Other,Enforcement discretion,Highly detailed
FDA-2007-P-0119-0007,"Cancer Prevention Coalition, Et Al",Other,Premature/Pending other action,Highly detailed
FDA-2007-P-0123-0009,"United Research Laboratories, Inc., Mutual Pharmaceutical Company, Inc.",Industry,Procedural issue,Highly detailed
FDA-2007-P-0130-0020,National Toxic Encephalopathy Foundation,Other,Insufficient evidence/data,Highly detailed
FDA-2007-P-0168-0047,Caretolive,Other,Premature/Pending other action,Highly detailed
FDA-2007-P-0170-0009,Teva Pharmaceuticals Usa,Industry,Premature/Pending other action,Highly detailed
FDA-2007-P-0171-0006,Warner Chilcott Inc.,Industry,Procedural issue,Highly detailed
FDA-2007-P-0179-0003,Pfizer Inc.,Industry,Premature/Pending other action,Highly detailed
FDA-2007-P-0180-0021,The Alliance Against Alveolar Soft Part Sarcoma And The Sarcoma Foundation Of America,Other,Moot/Withdrawn,Highly detailed
FDA-2007-P-0183-0005,Purdue Pharma L.P. and Rhodes Technologies,Industry,Premature/Pending other action,Highly detailed
FDA-2007-P-0184-0005,Judy Slome Cohain,Other,Other/Unspecified,Moderately detailed
FDA-2007-P-0188-0006,"Beckloff Associates, Inc.",Industry,Premature/Pending other action,Highly detailed
FDA-2007-P-0234-0006,"Terence J. Mix, Esq.",Other,Insufficient evidence/data,Highly detailed
FDA-2007-P-0234-0014,"Terence J. Mix, Esq.",Other,Insufficient evidence/data,Highly detailed
FDA-2007-P-0243-0006,Michael J. Dochniak,Other,Insufficient evidence/data,Highly detailed
FDA-2007-P-0245-0005,Purdue Pharma L.P.,Industry,Moot/Withdrawn,Highly detailed
FDA-2007-P-0292-0003,Prolacta Bioscience,Other,Other/Unspecified,Highly detailed
FDA-2007-P-0293-0008,David K. Richardson,Other,Enforcement discretion,Highly detailed
FDA-2007-P-0346-0023,"Richard Sauerheber, Palomar College",Other,Other/Unspecified,Moderately detailed
FDA-2007-P-0350-0003,Pfizer Inc,Industry,Premature/Pending other action,Highly detailed
FDA-2007-P-0401-0005,Public Citizen Health Research Group,Public Interest,Other/Unspecified,Highly detailed
FDA-2007-P-0412-0005,C Smith,Other,Enforcement discretion,Moderately detailed
FDA-2007-P-0413-0007,"Pharmacists Planning Service, Inc.",Industry,Premature/Pending other action,Moderately detailed
FDA-2007-P-0417-0004,Consumers Union,Public Interest,Procedural issue,Moderately detailed
FDA-2007-P-0464-0003,Ralph D. Childs,Other,Enforcement discretion,Highly detailed
FDA-2007-P-0483-0006,"Matrix Laboratories, Inc.",Industry,Other/Unspecified,Moderately detailed
FDA-2007-P-0497-0004,Norbrook Inc.,Industry,Other/Unspecified,Moderately detailed
FDA-2000-P-0183-0001,FDA OC to Robert Cohen,Other,Other/Unspecified,Brief
FDA-2000-P-0918-0001,CFSAN to Public Voice for Food,Other,Other/Unspecified,Moderately detailed
FDA-2000-P-0126-0132,,Unknown,Premature/Pending other action,Highly detailed
FDA-2000-P-0252-0013,FDA CDRH to B,Other,Other/Unspecified,Highly detailed
FDA-2002-P-0044-0001,FDA Associate Commissioner fo,Other,Other/Unspecified,Highly detailed
FDA-2002-P-0004-0002,FDA Associate Commissi,Other,Other/Unspecified,Highly detailed
FDA-2002-P-0007-0013,The Weinberg Group Inc Denial,Industry,Other/Unspecified,Highly detailed
FDA-2002-P-0004-0003,FDA Associate Commissi,Other,Other/Unspecified,Highly detailed
FDA-2002-P-0007-0003,FDA CDER to The Weinberg Grou,Other,Other/Unspecified,Highly detailed
FDA-2003-P-0179-0002,FDA CDER to Hogan   Hartson,Other,Moot/Withdrawn,Highly detailed
FDA-2003-P-0117-0001,FDA CDER to Zuckerman Spaeder,Other,Moot/Withdrawn,Moderately detailed
FDA-2003-P-0126-0002,FDA CDER to HRA Pharma,Industry,Other/Unspecified,Highly detailed
FDA-2004-P-0211-0004,FDA C,Other,Other/Unspecified,Highly detailed
FDA-2005-P-0125-0004,FDA CDER to James Salsman,Other,Procedural issue,Highly detailed
FDA-2005-P-0070-0006,,Unknown,Premature/Pending other action,Highly detailed
FDA-2005-P-0005-0004,FDA CDER to ISTA Pharmaceutic,Industry,Moot/Withdrawn,Highly detailed
FDA-2005-P-0067-0004,FDA CDRH to Zuckerman Spaeder,Other,Moot/Withdrawn,Highly detailed
FDA-2005-P-0261-0004,FDA CDRH to International Myo,Other,Enforcement discretion,Highly detailed
FDA-2008-P-0366-0007,Purdue Pharma L P    Petition Denial,Industry,Premature/Pending other action,Highly detailed
FDA-2008-P-0343-0009,Novo Nordisk  Inc    Petition Denial,Industry,Moot/Withdrawn,Highly detailed
FDA-2008-P-0309-0011,,Unknown,Other/Unspecified,Highly detailed
FDA-2008-P-0452-0011,FDA C,Other,Enforcement discretion,Highly detailed
FDA-2008-P-0319-0028,Lauranell H  Burch   Petition Denial,Other,Other/Unspecified,Moderately detailed
FDA-2008-P-0438-0003,,Unknown,Other/Unspecified,Highly detailed
FDA-2008-P-0444-0005,Codonics Inc    Petition Denial,Industry,Enforcement discretion,Minimal
FDA-2008-P-0291-0004,PRN Publishing   Petition Denial,Other,Other/Unspecified,Moderately detailed
FDA-2009-P-0122-0004,FDA CBER,Other,Other/Unspecified,Highly detailed
FDA-2009-P-0039-0008,FDA CDER Let,Other,Other/Unspecified,Highly detailed
FDA-2009-P-0111-0004,Mr  Thomas J  Quinn   Petition Denial,Other,Enforcement discretion,Brief
FDA-2010-P-0091-0122,FDA CDER to,Other,Premature/Pending other action,Highly detailed
FDA-2010-P-0050-0006,,Unknown,Other/Unspecified,Highly detailed
FDA-2010-P-0015-0006,FDA CDER to,Other,Other/Unspecified,Moderately detailed
FDA-2010-P-0087-0004,Sandoz  Inc    Petition Denial,Industry,Premature/Pending other action,Highly detailed
FDA-2010-P-0069-0007,Foley   Lardner LLP   Petition Denial,Other,Premature/Pending other action,Highly detailed
FDA-2010-P-0081-0009,FDA CFSAN to,Other,Insufficient evidence/data,Highly detailed
FDA-2011-P-0642-0016,FDA CDER to Center for Inquiry,Other,Moot/Withdrawn,Highly detailed
FDA-2011-P-0723-0788,FDA CFSAN to,Other,Procedural issue,Highly detailed
FDA-2011-P-0702-0003,Warner Chilcott  US   L,Other,Premature/Pending other action,Highly detailed
FDA-2011-P-0479-0004,FDA C,Other,Other/Unspecified,Highly detailed
FDA-2011-P-0347-0007,FDA CDER to VPNA,Other,Moot/Withdrawn,Highly detailed
FDA-2011-P-0840-0003,Perrigo Company Petition Denial,Other,Premature/Pending other action,Highly detailed
FDA-2011-P-0128-0004,ISTA Pharmaceuticals   Petition Denial,Industry,Premature/Pending other action,Highly detailed
FDA-2011-P-0515-0004,Pharmacists Planning Service,Industry,Other/Unspecified,Moderately detailed
FDA-2011-P-0087-0004,Navinta LLC   Petition Denial,Industry,Premature/Pending other action,Highly detailed
FDA-2011-P-0537-0005,CFSAN to EARTHJUSTICE,Other,Procedural issue,Highly detailed
FDA-2011-P-0448-0004,FDA CVM to E,Other,Premature/Pending other action,Highly detailed
FDA-2011-P-0852-0004,Dr S Albert Edwards Petition,Other,Other/Unspecified,Highly detailed
FDA-2011-P-0609-0003,Elizabeth Kohler Petition Denial,Other,Procedural issue,Highly detailed
FDA-2011-P-0884-0003,Lenard Thylan  Petition Denial,Other,Enforcement discretion,Highly detailed
FDA-2011-P-0641-0007,FDA CDRH to,Other,Other/Unspecified,Highly detailed
FDA-2011-P-0045-0006,Perdue Pharma L P    Petition Denial,Industry,Premature/Pending other action,Highly detailed
FDA-2011-P-0064-0042,Barbara L  Maw  P C    Petition Denial,Other,Premature/Pending other action,Highly detailed
FDA-2011-P-0022-0008,FDA CDRH to,Other,Other/Unspecified,Highly detailed
FDA-2011-P-0022-0013,the FDA to Waxl,Other,Procedural issue,Highly detailed
FDA-2011-P-0671-0005,FDA CDER to William McPike  Es,Other,Procedural issue,Highly detailed
FDA-2011-P-0734-0003,Richard J Miller   Petition D,Other,Enforcement discretion,Moderately detailed
FDA-2011-P-0823-0003,AstraZeneca Pharmaceuticals L,Industry,Premature/Pending other action,Highly detailed
FDA-2011-P-0573-0059,FDA CTP to R,Other,Premature/Pending other action,Highly detailed
FDA-2012-P-0153-0004,FDA C,Other,Premature/Pending other action,Highly detailed
FDA-2012-P-1095-0004,FDA CDER to,Other,Premature/Pending other action,Highly detailed
FDA-2012-P-0317-0010,FDA CDER to,Other,Other/Unspecified,Highly detailed
FDA-2012-P-0072-0003,Cook Animal Health   Petition Denial,Other,Other/Unspecified,Highly detailed
FDA-2012-P-0299-0008,FDA CVM to S,Other,Other/Unspecified,Minimal
FDA-2012-P-0695-0016,,Unknown,Premature/Pending other action,Minimal
FDA-2012-P-1179-0017,FDA CFSAN to,Other,Other/Unspecified,Highly detailed
FDA-2012-P-0053-0005,,Unknown,Moot/Withdrawn,Highly detailed
FDA-2012-P-0826-0003,,Unknown,Other/Unspecified,Highly detailed
FDA-2012-P-0189-0006,FDA CDER to,Other,Premature/Pending other action,Highly detailed
FDA-2012-P-1158-0004,,Unknown,Moot/Withdrawn,Highly detailed
FDA-2012-P-1170-0003,Cephazone Pharma LLC   Petition Denial,Industry,Other/Unspecified,Moderately detailed
FDA-2012-P-1112-0012,FDA CDER to,Other,Procedural issue,Highly detailed
FDA-2012-P-1058-0004,CDER to Lachman Consul,Consultant,Other/Unspecified,Highly detailed
FDA-2012-P-0298-0012,The Joseph Dedvukaj Firm   P C,Other,Moot/Withdrawn,Brief
FDA-2012-P-0146-0005,CFSAN FDA to Center for Science,Other,Other/Unspecified,Highly detailed
FDA-2012-P-1112-0006,CDER,Other,Other/Unspecified,Highly detailed
FDA-2012-P-0963-0004,FDA CDRH to Charles J,Other,Procedural issue,Highly detailed
FDA-2013-P-0766-0006,FDA CDER to,Other,Premature/Pending other action,Highly detailed
FDA-2013-P-0058-0009,FDA CDER to,Other,Procedural issue,Highly detailed
FDA-2013-P-0048-0009,FDA CDER to,Other,Insufficient evidence/data,Highly detailed
FDA-2014-P-1429-0005,FDA CFSAN to,Other,Other/Unspecified,Moderately detailed
FDA-2014-P-1256-0004,FDA CDER to Public Citizen s,Public Interest,Enforcement discretion,Highly detailed
FDA-2014-P-2301-0004,FDA CDER to,Other,Other/Unspecified,Brief
FDA-2014-P-0908-0005,FDA CDRH to Mothers Ag,Other,Other/Unspecified,Highly detailed
FDA-2014-P-2188-0025,FDA C,Other,Premature/Pending other action,Highly detailed
FDA-2014-P-1773-0005,FDA C,Other,Other/Unspecified,Highly detailed
FDA-2014-P-1649-0005,,Unknown,Premature/Pending other action,Highly detailed
FDA-2014-P-1615-0004,,Unknown,Premature/Pending other action,Highly detailed
FDA-2014-P-1685-0004,,Unknown,Other/Unspecified,Highly detailed
FDA-2014-P-0878-0006,FDA CDER  to,Other,Procedural issue,Highly detailed
FDA-2014-P-1593-0004,,Unknown,Other/Unspecified,Highly detailed
FDA-2014-P-0206-0005,FDA CDER to,Other,Other/Unspecified,Highly detailed
FDA-2014-P-1694-0004,F,Other,Other/Unspecified,Moderately detailed
FDA-2014-P-0752-0003,FDA CDER to Pharmacist,Industry,Other/Unspecified,Highly detailed
FDA-2014-P-1353-0003,FDA CFSAN to the Internationa,Other,Other/Unspecified,Highly detailed
FDA-2014-P-0112-0004,FDA CDRH to NadaChair R,Other,Enforcement discretion,Highly detailed
FDA-2014-P-1562-0004,FDA CDER to the Instit,Other,Other/Unspecified,Highly detailed
FDA-2014-P-0263-0022,FDA CFSAN to Ferrero U,Other,Procedural issue,Highly detailed
FDA-2014-P-0144-0003,FDA CDER to,Other,Moot/Withdrawn,Highly detailed
FDA-2014-P-1354-0004,,Unknown,Premature/Pending other action,Highly detailed
FDA-2014-P-1773-0004,,Unknown,Premature/Pending other action,Highly detailed
FDA-2014-P-1771-0004,,Unknown,Premature/Pending other action,Highly detailed
FDA-2014-P-1057-0004,FDA CDER to Pharmacist,Industry,Other/Unspecified,Highly detailed
FDA-2014-P-1569-0003,CDER to Pharmacists Pl,Industry,Other/Unspecified,Highly detailed
FDA-2014-P-2140-0008,FDA CDER to Lachman Consultant,Consultant,Other/Unspecified,Moderately detailed
FDA-2014-P-0231-0004,FDA CDRH  to,Other,Other/Unspecified,Highly detailed
FDA-2014-P-2193-0014,FDA C,Other,Other/Unspecified,Highly detailed
FDA-2015-P-0059-0013,FDA CFSAN to Center fo,Other,Other/Unspecified,Highly detailed
FDA-2015-P-0840-0026,FDA CDER to Dr  Richard Sherm,Other,Premature/Pending other action,Highly detailed
FDA-2015-P-1721-0007,FDA CDER to,Other,Premature/Pending other action,Highly detailed
FDA-2015-P-3980-0021,FDA CDER to,Other,Premature/Pending other action,Highly detailed
FDA-2015-P-0464-0025,FDA CDER to Colgate Palmolive,Other,Premature/Pending other action,Highly detailed
FDA-2015-P-4529-0012,,Unknown,Premature/Pending other action,Highly detailed
FDA-2015-P-4916-0005,,Unknown,Moot/Withdrawn,Highly detailed
FDA-2015-P-1431-0025,,Unknown,Premature/Pending other action,Highly detailed
FDA-2015-P-1722-0014,FDA CDER to,Other,Premature/Pending other action,Highly detailed
FDA-2015-P-2626-0004,FDA CDER to US WorldMed,Other,Other/Unspecified,Highly detailed
FDA-2015-P-3364-0004,FDA CDRH to,Other,Other/Unspecified,Minimal
FDA-2015-P-1094-0042,FDA CVM to F,Other,Premature/Pending other action,Highly detailed
FDA-2015-P-2120-0011,FDA CDER to,Other,Premature/Pending other action,Highly detailed
FDA-2015-P-3410-0004,FDA CDER to Dr  David K  Cund,Other,Insufficient evidence/data,Highly detailed
FDA-2015-P-0732-0117,FDA CD,Other,Premature/Pending other action,Highly detailed
FDA-2015-P-0014-0006,FDA CDER to Edward L  Boshnick,Other,Premature/Pending other action,Highly detailed
FDA-2015-P-0014-0006,FDA CDRH to Edward L  Boshnick,Other,Premature/Pending other action,Highly detailed
FDA-2015-P-2373-0008,FDA CDER to Dr  David K  Cund,Other,Insufficient evidence/data,Highly detailed
FDA-2015-P-2149-0003,FDA C,Other,Other/Unspecified,Highly detailed
FDA-2015-P-3391-0006,CFSAN to Ashley Franz  Patricia,Other,Enforcement discretion,Brief
FDA-2015-P-4237-0006,FDA CDER to Gland Ph,Other,Moot/Withdrawn,Highly detailed
FDA-2015-P-0181-0009,FDA CDER to,Other,Premature/Pending other action,Highly detailed
FDA-2015-P-3020-0009,FDA CFSAN to WVE,Other,Other/Unspecified,Highly detailed
FDA-2015-P-0543-0012,FDA CDER to Gland Pharm,Other,Moot/Withdrawn,Highly detailed
FDA-2015-P-5022-0008,,Unknown,Premature/Pending other action,Highly detailed
FDA-2015-P-1187-0004,FDA to U S  Right to Kn,Other,Enforcement discretion,Highly detailed
FDA-2015-P-5081-0080,FDA to Meghan O  Hara,Other,Other/Unspecified,Minimal
FDA-2015-P-3009-0011,FDA CFSAN to Physician,Other,Procedural issue,Moderately detailed
FDA-2015-P-3408-0006,FDA CDER to Dr  David K  Cund,Other,Insufficient evidence/data,Highly detailed
FDA-2015-P-1924-0007,FDA C,Other,Other/Unspecified,Highly detailed
FDA-2015-P-2375-0006,,Unknown,Other/Unspecified,Highly detailed
FDA-2015-P-2000-0012,,Unknown,Premature/Pending other action,Highly detailed
FDA-2015-P-2830-0022,FDA CDER to,Other,Premature/Pending other action,Highly detailed
FDA-2015-P-0876-0008,FDA CDER to Escher Fund for A,Other,Insufficient evidence/data,Highly detailed
FDA-2015-P-1553-0015,FDA C,Other,Insufficient evidence/data,Highly detailed
FDA-2015-P-2482-0015,FDA CDER to,Other,Premature/Pending other action,Highly detailed
FDA-2015-P-1433-0081,,Unknown,Insufficient evidence/data,Highly detailed
FDA-2015-P-2413-0003,FDA CDER to,Other,Premature/Pending other action,Highly detailed
FDA-2016-P-2376-0004,FDA CDER to Latham   W,Other,Premature/Pending other action,Highly detailed
FDA-2016-P-4587-0013,,Unknown,Premature/Pending other action,Highly detailed
FDA-2016-P-0383-0004,,Unknown,Premature/Pending other action,Highly detailed
FDA-2016-P-1288-0020,FDA DDM to Fluoride Ac,Other,Enforcement discretion,Brief
FDA-2016-P-4047-0005,CDER to Mayne Pharma ln,Industry,Premature/Pending other action,Highly detailed
FDA-2016-P-2478-0014,FDA CDER to Hogan Love,Other,Premature/Pending other action,Highly detailed
FDA-2016-P-0656-0005,FDA C,Other,Other/Unspecified,Brief
FDA-2016-P-2654-0008,,Unknown,Insufficient evidence/data,Highly detailed
FDA-2016-P-1171-0012,FDA CFSAN to B,Other,Premature/Pending other action,Highly detailed
FDA-2016-P-3823-0003,FDA CFSAN to Jennifer,Other,Insufficient evidence/data,Highly detailed
FDA-2016-P-0769-0007,FDA to Empire State Con,Other,Other/Unspecified,Minimal
FDA-2016-P-4388-0013,FDA CDER to Dr  S  Varghese,Other,Other/Unspecified,Highly detailed
FDA-2016-P-3356-0018,FDA CDER to Sandoz Inc,Industry,Premature/Pending other action,Highly detailed
FDA-2016-P-2955-0088,FDA CBER to Nicholas Isel Redacted,Other,Other/Unspecified,Highly detailed
FDA-2016-P-2558-0019,CDER to Similasan Corp,Industry,Premature/Pending other action,Highly detailed
FDA-2016-P-1398-0004,Dr  Hooman Noorchashm,Other,Other/Unspecified,Highly detailed
FDA-2016-P-2737-0144,Natural Resources Defense,Other,Premature/Pending other action,Highly detailed
FDA-2016-P-1169-0015,,Unknown,Other/Unspecified,Brief
FDA-2016-P-2955-0339,,Unknown,Procedural issue,Brief
FDA-2016-P-1171-0017,FDA CFSAN to Earthjusti,Other,Enforcement discretion,Highly detailed
FDA-2016-P-2029-0027,,Unknown,Procedural issue,Moderately detailed
FDA-2016-P-2515-0027,,Unknown,Premature/Pending other action,Highly detailed
FDA-2016-P-1249-0004,FDA CDER to,Other,Other/Unspecified,Moderately detailed
FDA-2016-P-3195-0004,CDRH  to Wood  Herron   Evans,Other,Enforcement discretion,Minimal
FDA-2016-P-0134-0007,FDA CVM to Internation,Other,Other/Unspecified,Moderately detailed
FDA-2016-P-4591-0003,FDA CDER to   Hyman  P,Other,Moot/Withdrawn,Highly detailed
FDA-2016-P-2738-0004,FDA CDER to Metaboli,Other,Other/Unspecified,Highly detailed
FDA-2016-P-1946-0008,FDA CDER to Hyman  Phelps,Other,Premature/Pending other action,Highly detailed
FDA-2016-P-1246-0007,FDA DDM to the Working Group,Other,Other/Unspecified,Highly detailed
FDA-2016-P-0214-0008,FDA CBER to Public Citizen,Public Interest,Premature/Pending other action,Highly detailed
FDA-2016-P-1169-0005,,Unknown,Other/Unspecified,Moderately detailed
FDA-2016-P-1955-0009,FDA CDER to Mallinckro,Industry,Premature/Pending other action,Highly detailed
FDA-2016-P-0159-0006,the FDA CDRH to Biorex Labs LLC,Industry,Other/Unspecified,Highly detailed
FDA-2016-P-3509-0003,CDER,Other,Other/Unspecified,Highly detailed
FDA-2016-P-3968-0137,the International Pro,Other,Enforcement discretion,Moderately detailed
FDA-2016-P-1133-0003,Fox Rothschild LLP,Other,Procedural issue,Moderately detailed
FDA-2016-P-1485-0007,,Unknown,Premature/Pending other action,Highly detailed
FDA-2016-P-0187-0015,,Unknown,Premature/Pending other action,Highly detailed
FDA-2017-P-6411-0010,FDA CDER to Insys Th,Other,Premature/Pending other action,Highly detailed
FDA-2017-P-4939-0006,FDA CDRH to Chul Hi Park Re,Other,Procedural issue,Highly detailed
FDA-2017-P-3196-0071,CFSAN to Philip Spiller  et,Other,Other/Unspecified,Brief
FDA-2017-P-5787-0242,FDA CDER to Post Finast,Other,Procedural issue,Highly detailed
FDA-2017-P-3330-0006,,Unknown,Enforcement discretion,Moderately detailed
FDA-2017-P-3251-0031,CDER to Petitioner   redacted R,Other,Other/Unspecified,Minimal
FDA-2017-P-4334-0042,FDA to Sidley Austin LLP,Other,Premature/Pending other action,Moderately detailed
FDA-2017-P-6918-0022,FDA CDER to St  Jude Children,Other,Premature/Pending other action,Highly detailed
FDA-2017-P-3468-0005,FDA CDER to Teligent P,Other,Moot/Withdrawn,Highly detailed
FDA-2017-P-6663-0014,FDA CDRH to Dr   Albert Edwa,Other,Enforcement discretion,Brief
FDA-2017-P-0867-0107,FDA CBER to Public Citi,Other,Other/Unspecified,Highly detailed
FDA-2017-P-4586-0004,FDA CDER to Jubilant,Other,Premature/Pending other action,Highly detailed
FDA-2017-P-4575-0202,Unilever for a 1 year Extension,Other,Other/Unspecified,Brief
FDA-2017-P-3196-0074,Philip Spill,Other,Procedural issue,Highly detailed
FDA-2017-P-3684-0004,FDA to Goodwin Procter,Other,Premature/Pending other action,Highly detailed
FDA-2017-P-5477-0014,FDA CDER to Hyman Phel,Other,Premature/Pending other action,Highly detailed
FDA-2017-P-2733-0006,FDA CDER to Esophageal Cancer,Other,Other/Unspecified,Highly detailed
FDA-2017-P-4352-0017,FDA CDER to E  Thompson,Other,Premature/Pending other action,Highly detailed
FDA-2017-P-4575-0198,Unilever for a 1 year Extension,Other,Other/Unspecified,Brief
FDA-2017-P-6750-0008,FDA CDER to Mylan N V,Other,Premature/Pending other action,Highly detailed
FDA-2017-P-4335-0004,FDA CDRH to William Bonificio,Other,Other/Unspecified,Moderately detailed
FDA-2017-P-6689-0013,FDA CDER to Arnall G,Other,Premature/Pending other action,Highly detailed
FDA-2017-P-4575-0196,Unilever for a 1 year Extension,Other,Other/Unspecified,Brief
FDA-2017-P-0052-0203,FDA CBER to Donor Sibling Reg,Other,Other/Unspecified,Highly detailed
FDA-2017-P-1077-0004,CDER to Recordati Rare Diseas,Other,Premature/Pending other action,Highly detailed
FDA-2017-P-3675-0005,FDA CDER to Teligent P,Other,Moot/Withdrawn,Highly detailed
FDA-2017-P-1002-0003,FDA CDRH to INRange Systems,Other,Enforcement discretion,Brief
FDA-2017-P-5954-0006,FDA CDER to Elite Labo,Other,Moot/Withdrawn,Highly detailed
FDA-2017-P-2365-0006,FDA to The Office of Se,Other,Other/Unspecified,Highly detailed
FDA-2017-P-4372-0004,FDA CFSAN to AEGIS,Other,Moot/Withdrawn,Moderately detailed
FDA-2017-P-4575-0200,Unilever for a 1 year Extension,Other,Other/Unspecified,Brief
FDA-2017-P-2803-0018,FDA CDER to Apotex,Other,Premature/Pending other action,Highly detailed
FDA-2017-P-6692-0042,FDA CDER to Drug Watch,Other,Premature/Pending other action,Highly detailed
FDA-2017-P-6029-0022,FDA CDER to Novo Nordisk  Inc,Industry,Premature/Pending other action,Highly detailed
FDA-2017-P-4500-1796,FDA CBER to Kent Hecken,Other,Premature/Pending other action,Highly detailed
FDA-2017-P-0663-0003,FDA CDER to Mucodel Ph,Other,Premature/Pending other action,Highly detailed
FDA-2017-P-1226-0004,FDA CDRH to INRange Systems I,Other,Enforcement discretion,Brief
FDA-2017-P-6274-0007,FDA CDER to Amneal Pharmaceut,Industry,Premature/Pending other action,Highly detailed
FDA-2017-P-4360-0014,FDA CDER to Mallinckro,Industry,Premature/Pending other action,Highly detailed
FDA-2017-P-6923-0003,FDA CDER to Zydus Nove,Other,Premature/Pending other action,Highly detailed
FDA-2017-P-6922-0009,FDA CDER,Other,Insufficient evidence/data,Highly detailed
FDA-2017-P-4745-0026,FDA CDER to Allergan,Other,Premature/Pending other action,Highly detailed
FDA-2018-P-4490-0006,FDA C,Other,Premature/Pending other action,Highly detailed
FDA-2018-P-3806-0004,FDA CDER to Greg Grillo,Other,Insufficient evidence/data,Highly detailed
FDA-2018-P-4832-0005,FDA CDER to Goodwin Pro,Other,Procedural issue,Highly detailed
FDA-2018-P-3896-0006,FDA CDRH to Chul Hi Park Re,Other,Procedural issue,Highly detailed
FDA-2018-P-3176-0005,FDA CDER to Medefil  In,Other,Other/Unspecified,Highly detailed
FDA-2018-P-3211-0004,FDA C,Other,Other/Unspecified,Highly detailed
FDA-2018-P-1880-0005,FDA CDER to Louis Morris Aled,Other,Other/Unspecified,Highly detailed
FDA-2018-P-1173-0036,FDA OC to Alliance for Natura,Other,Procedural issue,Highly detailed
FDA-2018-P-1441-0009,FDA CDER to Mr  Antell and Mr,Other,Premature/Pending other action,Highly detailed
FDA-2018-P-1532-0007,FDA CDER to King   Spa,Other,Other/Unspecified,Moderately detailed
FDA-2018-P-0343-0003,FDA CDER to Fish   R,Other,Premature/Pending other action,Highly detailed
FDA-2018-P-0598-0014,FDA CDER to Kurt Karst,Other,Premature/Pending other action,Highly detailed
FDA-2018-P-3742-0005,FDA CDER to Pharmacmechanics,Industry,Other/Unspecified,Highly detailed
FDA-2018-P-0564-0007,FDA CFSAN to Panera  LL,Other,Other/Unspecified,Highly detailed
FDA-2018-P-1014-0014,FDA CDER to Haynes a,Other,Premature/Pending other action,Highly detailed
FDA-2018-P-0874-0053,FDA CFSAN,Other,Premature/Pending other action,Highly detailed
FDA-2018-P-2050-0005,FDA CDER to SS Formulations,Other,Premature/Pending other action,Highly detailed
FDA-2018-P-3951-0005,FDA CDRH to Chul Hi Park Re,Other,Procedural issue,Highly detailed
FDA-2018-P-1195-0016,FDA CDER to Arnall G,Other,Premature/Pending other action,Highly detailed
FDA-2018-P-1453-0019,FDA CDER to Spear Pharmaceuticals  I,Industry,Premature/Pending other action,Highly detailed
FDA-2018-P-1310-0044,FDA CDER,Other,Insufficient evidence/data,Highly detailed
FDA-2018-P-0884-0005,FDA CDER to Buchanan Ingersol,Other,Other/Unspecified,Highly detailed
FDA-2018-P-3666-0004,FDA CDER to Fresenius,Other,Premature/Pending other action,Highly detailed
FDA-2018-P-1531-0008,CDER to King   Spalding LLP,Other,Other/Unspecified,Moderately detailed
FDA-2019-P-2124-0022,,Unknown,Procedural issue,Moderately detailed
FDA-2019-P-6099-0005,FDA CBER to Patients for Acces,Other,Enforcement discretion,Highly detailed
FDA-2019-P-1640-0010,FDA CFSAN to Top Health,Other,Insufficient evidence/data,Highly detailed
FDA-2019-P-4683-0008,FDA  to Public Citizen s Heal,Public Interest,Premature/Pending other action,Highly detailed
FDA-2019-P-5268-0017,FDA CDER to Public Citi,Other,Premature/Pending other action,Highly detailed
FDA-2019-P-1818-0008,FDA CDER to Public Cit,Other,Other/Unspecified,Highly detailed
FDA-2019-P-6049-0030,FDA CDER to US WorldMeds  LLC,Industry,Premature/Pending other action,Highly detailed
FDA-2019-P-5069-0005,FDA CFSAN to Ms  Rebecc,Other,Other/Unspecified,Highly detailed
FDA-2019-P-5394-0004,FDA CFSAN to Consumer Healthc,Public Interest,Enforcement discretion,Highly detailed
FDA-2019-P-4670-0008,FDA CFSAN to Lonza Inc,Industry,Other/Unspecified,Highly detailed
FDA-2019-P-0417-0013,FDA CDER to Scilex Pharmaceut,Industry,Premature/Pending other action,Highly detailed
FDA-2019-P-6045-0021,FDA CFSAN to Hyman Phel,Other,Other/Unspecified,Highly detailed
FDA-2019-P-4003-0010,FDA CDER to Lisa Myslinski Re,Other,Other/Unspecified,Moderately detailed
FDA-2019-P-2239-0009,FDA to BioNeutra North,Other,Insufficient evidence/data,Highly detailed
FDA-2019-P-1130-0006,FDA CBER to Kent Hecken,Other,Premature/Pending other action,Highly detailed
FDA-2019-P-4644-0039,FDA C,Other,Premature/Pending other action,Highly detailed
FDA-2019-P-1800-0006,FDA CDRH to Boditech Med Inc,Industry,Procedural issue,Brief
FDA-2019-P-2998-0104,FDA CDER to Southern Ne,Other,Premature/Pending other action,Highly detailed
FDA-2019-P-2038-0063,FDA CDRH to American D,Other,Enforcement discretion,Minimal
FDA-2019-P-4830-0016,FDA CDER to Ipsen Biopharmace,Industry,Premature/Pending other action,Highly detailed
FDA-2019-P-1893-0010,FDA CDER to Novartis Ph,Other,Insufficient evidence/data,Highly detailed
FDA-2020-P-0599-0004,FDA CDER to Romark Laboratori,Other,Insufficient evidence/data,Highly detailed
FDA-2020-P-1246-0004,FDA CDER to Fresenius Kabi US,Other,Other/Unspecified,Highly detailed
FDA-2020-P-0763-0005,FDA CDER to Clark Anderson,Other,Insufficient evidence/data,Highly detailed
FDA-2020-P-2289-0005,FDA CDRH to James N  Czaban,Other,Procedural issue,Highly detailed
FDA-2020-P-1247-0006,FDA CDER to Belcher Pha,Other,Premature/Pending other action,Highly detailed
FDA-2020-P-1859-0006,,Unknown,Moot/Withdrawn,Highly detailed
FDA-2020-P-2225-0008,FDA CBER  to Siri   Glimsta,Other,Premature/Pending other action,Highly detailed
FDA-2020-P-2180-0070,FDA CBER to Siri   Glimstad LLP,Other,Premature/Pending other action,Highly detailed
FDA-2020-P-1166-0005,FDA CDRH to Eckert Se,Other,Premature/Pending other action,Moderately detailed
FDA-2020-P-0421-0008,FDA CDER to Cooley s Anemia F,Other,Other/Unspecified,Highly detailed
FDA-2020-P-1601-0069,FDA CBER to Siri   Glimstad LLP,Other,Procedural issue,Highly detailed
FDA-2020-P-0983-0004,FDA CDER to grBiosystems Inc,Industry,Premature/Pending other action,Highly detailed
FDA-2020-P-1674-0022,FDA CDER to Putting Rare Dise,Other,Other/Unspecified,Moderately detailed
FDA-2020-P-2133-0004,FDA CDER to Fresenius Kabi US,Other,Premature/Pending other action,Highly detailed
FDA-2020-P-1540-0005,FDA CDER to Alliance fo,Other,Insufficient evidence/data,Highly detailed
FDA-2021-P-0700-0004,FDA CVM to Eric Nault,Other,Procedural issue,Highly detailed
FDA-2021-P-0529-1077,FDA CBER,Other,Other/Unspecified,Highly detailed
FDA-2022-P-1186-0004,FDA CVM to Harry Duty,Other,Procedural issue,Moderately detailed
FDA-2022-P-0095-0004,FDA CVM to HARRY DUTY Redacted,Other,Other/Unspecified,Moderately detailed
FDA-2022-P-0536-0032,FDA CDER to Bayer U S,Other,Premature/Pending other action,Highly detailed
FDA-2022-P-0213-0004,FDA CVM to Leslie Novos,Other,Procedural issue,Highly detailed
FDA-2022-P-1255-0004,FDA CVM to Harry Duty,Other,Procedural issue,Moderately detailed
FDA-2022-P-0896-0005,FDA CDER to Greenberg Traurig,Other,Procedural issue,Highly detailed
FDA-2022-P-1248-0004,FDA CVM to Harry Duty,Other,Procedural issue,Moderately detailed
FDA-2022-P-1656-0003,FDA CDER to Fresenius,Other,Other/Unspecified,Highly detailed
FDA-2022-P-1667-0003,FDA CDER to Chem IQ FZCO,Other,Moot/Withdrawn,Highly detailed
FDA-2022-P-0209-0005,FDA CVM to Harry Duty R,Other,Procedural issue,Moderately detailed
FDA-2022-P-1211-0005,American Vapor Manufacturers Cit,Other,Premature/Pending other action,Highly detailed
FDA-2022-P-1125-0004,FDA CVM to Harry Duty,Other,Procedural issue,Moderately detailed
FDA-2022-P-0126-0003,FDA CVM to Harry Duty R,Other,Other/Unspecified,Minimal
FDA-2022-P-0107-0004,FDA CVM to Pet Schooled  Redac,Other,Procedural issue,Brief
FDA-2022-P-0574-0004,FDA CVM to Harry Duty,Other,Procedural issue,Moderately detailed
FDA-2022-P-0253-0004,FDA CVM to Tyler Burch,Other,Procedural issue,Highly detailed
FDA-2022-P-0414-0005,FDA CDER to King   Spaldin,Other,Moot/Withdrawn,Moderately detailed
FDA-2022-P-0394-0004,FDA CVM to Harry Duty R,Other,Procedural issue,Moderately detailed
FDA-2022-P-0754-0003,FDA CVM to Pet Schooled Redact,Other,Procedural issue,Brief
FDA-2022-P-0160-0013,FDA CDER to Ferring Pharmaceu,Industry,Premature/Pending other action,Highly detailed
FDA-2022-P-1407-0003,FDA CVM to Harry Duty R,Other,Procedural issue,Brief
FDA-2022-P-1343-0004,FDA CVM to Harry Duty,Other,Procedural issue,Moderately detailed
FDA-2022-P-0215-0019,FDA CDER to Jonathan H,Other,Procedural issue,Highly detailed
FDA-2022-P-1080-0005,FDA CDER to King   Spalding L,Other,Moot/Withdrawn,Highly detailed
FDA-2022-P-1444-0006,FDA CBER to National Hemophil,Other,Other/Unspecified,Highly detailed
FDA-2022-P-0395-0003,FD,Other,Other/Unspecified,Minimal
FDA-2022-P-0356-0004,FDA CVM to Shasta Evans,Other,Procedural issue,Highly detailed
FDA-2022-P-0063-0004,FDA CVM to Krysta Fox,Other,Procedural issue,Highly detailed
FDA-2022-P-0704-0006,FDA CBER to San Rocco Therape,Other,Procedural issue,Highly detailed
FDA-2022-P-0777-0003,FDA CVM to Donavan Melton Reda,Other,Other/Unspecified,Moderately detailed
FDA-2022-P-0121-0003,FDA CVM to  Pet Schooled Redac,Other,Procedural issue,Brief
FDA-2022-P-1444-0007,FDA CBER to National Hemophil,Other,Other/Unspecified,Highly detailed
FDA-2022-P-0174-0004,FDA CVM to Rona,Other,Procedural issue,Minimal
FDA-2022-P-0172-0004,FDA CVM to Ronald Brock   Reda,Other,Procedural issue,Minimal
FDA-2022-P-0058-0003,FDA CVM to  Donavan Melton Red,Other,Other/Unspecified,Moderately detailed
FDA-2022-P-0324-0004,FDA CDER to Karl Schwartz,Other,Other/Unspecified,Highly detailed
FDA-2022-P-0392-0013,FDA CFASN to American,Other,Moot/Withdrawn,Highly detailed
FDA-2022-P-0149-0014,FDA CDER to Public Citizen s,Public Interest,Premature/Pending other action,Highly detailed
FDA-2022-P-0122-0004,FDA CBER to Jianqing W,Other,Procedural issue,Highly detailed
FDA-2023-P-0171-0003,FDA CVM to Pet Schoole,Other,Other/Unspecified,Brief
FDA-2023-P-0173-0003,FDA CVM to Pet Schoole,Other,Other/Unspecified,Brief
FDA-2023-P-0076-0007,FDA CTP to SMS BZ  LLC,Industry,Premature/Pending other action,Brief
FDA-2024-P-4015-0003,FDA CVM to Kohl Harring,Other,Other/Unspecified,Brief
FDA-2024-P-2625-0004,FDA ORA to J R Imports LLC Re,Industry,Premature/Pending other action,Highly detailed
FDA-2024-P-2150-0009,FDA CDER to Parenteral Techno,Other,Premature/Pending other action,Highly detailed
FDA-2024-P-3563-0005,FDA CDER to Hyman  Phel,Other,Insufficient evidence/data,Highly detailed
FDA-2024-P-1960-0003,FDA ORA to Kohl Harring,Other,Procedural issue,Brief
FDA-2024-P-1380-0003,FDA CVM to Kohl Harring,Other,Other/Unspecified,Brief
FDA-2024-P-2326-0009,FDA CDER to Hyman  Phelps   M,Other,Other/Unspecified,Highly detailed
FDA-2024-P-1717-0003,FDA CVM to Kohl Harring,Other,Other/Unspecified,Brief
FDA-2024-P-3479-0003,FDA CDER to Jingwei Pha,Other,Insufficient evidence/data,Highly detailed
FDA-2024-P-2085-0007,FDA CDER to Hospira Inc,Industry,Other/Unspecified,Highly detailed
FDA-2024-P-3761-0003,FDA CDRH to Spark Biome,Other,Enforcement discretion,Brief
