Document_ID,Decision,LLM_Category,LLM_Confidence,LLM_Justification,Key_Phrases,Rationale_Text_Preview
FDA-2001-P-0030-0003,Approved,Safety Established,high,Primary focus on safety assessment,"safety, safe","ecker assert that this petition should be denied because it fails to establish an adequate basis for assuring the safety and efficacy of the tablet formulation without additional clinical studies and/or significant labeling changes. In particular, Kleinfeld, Kaplan and Becker assert that the propose"
FDA-2003-P-0122-0003,Approved,Safety Established,high,Primary focus on safety assessment,"safety, safe","eral Food, Drug, and Cosmetic Act (Act). We have reviewed your petition under Section 505(j) (2) (C) of the Act and have determined that it is approved. This letter represents the Food and Drug Administration’s (FDA) determination that an ANDA may be submitted for the above-referenced drug product. "
FDA-2005-P-0003-0009,Approved,Sufficient Evidence,medium,References supporting data or evidence,"data, evidence","and other relevant data available to the Agency. Based on our review ofthese materials and for the reasons described below, the Sandoz, Rakoczy, and Orchid Petitions are granted and the Wyeth Petition is granted in part and denied in part. I. BACKGROUND A. Zosyn Zosyn (piperaciIlin and tazobactam fo"
FDA-2005-P-0009-0003,Approved,Safety Established,high,Primary focus on safety assessment,"safety, safe","eral Food, Drug, and Cosmetic Act (Act). We have reviewed your petition under Section 505@(2)(C) of the Act and have determined that it is approved. This letter represents the Food and Drug Administration’s (FDA) determination that an ANDA may be submitted for the above-referenced drug product. Unde"
FDA-2005-P-0266-0007,Approved,Safety Established,high,Primary focus on safety assessment,"safety, safe","ral Food, Drug, and Cosmetic Act (Act). We have reviewed your petition under Section 505(j)(2)(C) of the Act and have determined that it is approved. This letter represents the Food and Drug Administration's (FDA) determination that an ANDA may be submitted for the above-referenced drug product. Und"
FDA-2006-P-0283-0003,Approved,Sufficient Evidence,medium,References supporting data or evidence,"data, evidence","studies . We will conduct a definitive labeling review when the ANADA for the proposed generic product is submitted to the Center . The generic labeling should be a verbatim copy of the approved labeling for the pioneer, with certain allowable differences, such as manufacturer's tradename and the ch"
FDA-2006-P-0331-0008,Approved,Sufficient Evidence,medium,References supporting data or evidence,"data, evidence","and other relevant data available to the Agency. Based on our review ofthese materials and for the reasons described below, the Sandoz, Rakoczy, and Orchid Petitions are granted and the Wyeth Petition is granted in part and denied in part. I. BACKGROUND A. Zosyn Zosyn (piperaciIlin and tazobactam fo"
FDA-2007-P-0004-0008,Approved,Safety Established,high,Primary focus on safety assessment,"safety, safe",that is not identical to NDA 005213. We have reviewed your petition under section 505(j)(2)(C) of the Act and FDA’s implementing regulations at 21 CFR 314.93 and have determined that it is approved. This letter represents FDA’s determination that an ANDA may be submitted for the above-referenced dru
FDA-2007-P-0016-0006,Approved,Safety Established,high,Primary focus on safety assessment,"safety, safe","eral Food, Drug, and Cosmetic Act (Act). We have reviewed your petition under Section 505G)(2)(C) of the Act and have determined that it is approved. This letter represents the Food and Drug Administration's (FDA) determination that an ANDA may be submitted for the above-referenced drug product. Und"
FDA-2007-P-0061-0004,Approved,Safety Established,high,Primary focus on safety assessment,"safety, safe","eral Food, Drug, and Cosmetic Act (Act). We have reviewed your petition under Section 505G)(2)(C) of the Act and have determined that it is approved. This letter represents the Food and Drug Administration's (FDA) determination that an ANDA may be submitted for the above-referenced drug product. In "
FDA-2007-P-0062-0007,Approved,Safety Established,high,Primary focus on safety assessment,"safety, safe","eral Food, Drug, and Cosmetic Act (Act). We have reviewed your petition under Section 505(j)(2)(C) ofthe Act and have determined that it is approved. This letter represents the Food and Drug Administration's (FDA) determination that an ANDA may be submitted for the above-referenced drug product. Und"
FDA-2007-P-0114-0006,Approved,Safety Established,high,Primary focus on safety assessment,"safety, safe","ral Food, Drug, and Cosmetic Act (Act) . We have reviewed your petition under Section 505(j)(2)(C) of the Act and have determined that it is approved. This letter represents the Food and Drug Administration's (FDA) determination that an ANDA may be submitted for the above-referenced drug product. Un"
FDA-2007-P-0124-0007,Approved,Safety Established,high,Primary focus on safety assessment,"safety, safe",t that is not identical to NDA 005213. We have reviewed your petition under section 505(j)(2)(C) of the Act and FDA’s implementing regulations at 21 CFR 314.93 and have determined that it is approved. This letter represents FDA’s determination that an ANDA may be submitted for the above-referenced d
FDA-2007-P-0127-0006,Approved,Safety Established,high,Primary focus on safety assessment,"safety, safe","eral Food, Drug, and Cosmetic Act (Act). We have reviewed your petition under Section 505G)(2)(C) of the Act and have determined that it is approved. This letter represents the Food and Drug Administration's (FDA) determination that an ANDA may be submitted for the above-referenced drug product. Und"
FDA-2007-P-0185-0004,Approved,Safety Established,high,Primary focus on safety assessment,"safety, safe","eral Food, Drug, and Cosmetic Act (Act). We have reviewed your petition under Section 505G)(2)(C) ofthe Act and have determined that it is approved. This letter represents the Food and Drug Administration's (FDA) determination that an ANDA may be submitted for the above-referenced drug product. Unde"
FDA-2007-P-0241-0004,Approved,Safety Established,high,Primary focus on safety assessment,"safety, safe","eral Food, Drug, and Cosmetic Act (Act). We have reviewed your petition under Section 505(j)(2)(C) of the Act and have determined that it is approved. This letter represents the Food and Drug Administration's (FDA) determination that an ANDA may be submitted for the above-referenced drug product. Un"
FDA-2007-P-0289-0006,Approved,Bioequivalence/Therapeutic Equivalence,high,Text discusses bioequivalence or therapeutic equivalence,"bioequivalent, therapeutic equivalence",mitted under that section of the Act. We have reviewed your petition under section 505(j)(2)(C) of the Act and FDA’s implementing regulations at 21 CFR 314.93 and have determined that it is approved. This letter represents FDA’s determination that an ANDA may be submitted for the above-referenced dr
FDA-2007-P-0348-0007,Approved,Safety Established,high,Primary focus on safety assessment,"safety, safe","eral Food, Drug, and Cosmetic Act (Act). We have reviewed your petition under Section 505G)(2)(C) ofthe Act and have determined that it is approved. This letter represents the Food and Drug Administration's (FDA) determination that an ANDA may be submitted for the above-referenced drug product. In a"
FDA-2007-P-0409-0007,Approved,Safety Established,high,Primary focus on safety assessment,"safety, safe","eral Food, Drug, and Cosmetic Act (Act). We have reviewed your petition under Section 505(j)(2)(C) of the Act and lxdve determined that it is approved. This letter represents the Food and Drug Administration's (FDA) determination that an ANDA may be submitted for the above-referenced drug products ."
FDA-2007-P-0495-0006,Approved,Safety Established,high,Primary focus on safety assessment,"safety, safe","eral Eood, Drug, and Cosmetic Act (Act). We have reviewed your petition under Section 505(j)(2)(C) of the Act and have determined that it is approved. This letter represents the Food and Drug Administration's (FDA) determination that an ANDA may be submitted for the above-referenced drug product. Un"
FDA-2001-P-0122-0001,Denied,Other Denial Reason,low,No clear match to defined categories,,"ing travel on trains and airplanes, is impossible because the presence of methylcellulose and carrageenan is not revealed on food menus. FDA does not currently require the declaration of ingredients on food menus, nor does FDA believe, based on the information presently before the agency, that the a"
FDA-2001-P-0123-0186,Denied,Other Denial Reason,low,No clear match to defined categories,,"mand on this issue ""[wa]s the appropriate remedy"" because ""a decision whether Plan B, a systemic hormonal contraceptive drug, may be safely used without a prescription"" by women younger than 17 years of age ""is best left to the expertise of the FDA, to which Congress has entrusted this responsibilit"
FDA-2004-P-0214-0028,Denied,Procedural - Administrative Deficiency,high,Administrative or procedural grounds cited,"procedural, 21 cfr 10","Competition and Innovation Act of2009,"" ""Quality Considerations in Demonstrating Biosimilarity to a Reference Protein Product,"" and ""Scientific Considerations in Demonstrating Biosimilarity to a Reference the outstanding requests and arguments in the Petitions that were directed more generally towar"
FDA-2005-P-0256-0002,Denied,Procedural - Already Addressed/Moot,high,Issue already addressed or rendered moot,"moot, already",". You state that pemoline should not be marketed because the drug is known to have caused at least 21 cases of liver failure and has no unique therapeutic benefit over other drugs for the treatment of attention deficit hyperactivity disorder (ADHD) . Abbott informed FDA on March 24, 2005, that it in"
FDA-2007-P-0110-0004,Denied,Other Denial Reason,low,No clear match to defined categories,,"s for managing diabetes"" (Petition at l). We have reviewed your petition, and for the reasons described below, your petition is denied. 1 I. BACKGROUND A. Approved Thiazolidinedione Products In 1999, FDA approved rosiglitazone maleate (Avandia, new drug application (NDA) 21­ 07]) and pioglitazone hy"
FDA-2007-P-0113-0028,Denied,Other Denial Reason,low,No clear match to defined categories,,"ighs the benefits of a single system, taking into consideration the impact on health care providers, patients, the applicant for the abbreviated new drug application, and the holder of the reference drug product"" (section 505-l(i)(1 )(B)(i) ofthe FD&C Act). 10 If a waiver of the single, 7 A listed d"
FDA-2007-P-0245-0005,Denied,Procedural - Already Addressed/Moot,high,Issue already addressed or rendered moot,"moot, already","on was moot. As explained in the letter, FDA had reviewed the OxyContin labeling supplements and issued letters stating that each of the three supplements was not approvable. Because the labeling supplements were not approvable, the labeling for a generic version of OxyContin was not required to inc"
FDA-2000-P-0918-0001,Denied,Procedural - Administrative Deficiency,high,Administrative or procedural grounds cited,"procedural, 21 cfr 10","(CFR), section 10.30(e)(3)(21 CFR 10.30(e)(3)), we are denying the petitions. A regulatory limit is established by informal (notice-and-comment) rulemaking and has the force of law. Once a regulatory limit has been established, a food is adulterated under section 402(a)(l) ofthe Federal Food, Drug &"
FDA-2003-P-0117-0001,Denied,Procedural - Already Addressed/Moot,high,Issue already addressed or rendered moot,"moot, already","ment, as recounted above, are moot. Accordingly, because we need not make these determinations to resolve your Petition, the requests in the Petition and at (1) and (2) of the Supplement, above, are denied. We acknowledge that this response does not address the substance of the question essentially "
FDA-2009-P-0039-0008,Denied,Other Denial Reason,low,No clear match to defined categories,,"ved the drug with restrictions to assure safe use because the Agency concluded that the drug can be safely used only if distribution or use is restricted (e.g., under 21 U.S.C. § 355-1(f)(3)). There may be other situations in which a boxed warning may be appropriate to highlight infonnation that is "
FDA-2011-P-0347-0007,Denied,Other Denial Reason,low,No clear match to defined categories,,"mith: This is in response to your petition for reconsideration and stay of action received on March 7, 2013 (Reconsideration Petition). The Reconsideration Petition requests that the U.S. Food and Drug Administration (FDA or Agency) reconsider its January 28, 2013 response (Original Petition Respons"
FDA-2011-P-0515-0004,Denied,Procedural - Already Addressed/Moot,high,Issue already addressed or rendered moot,"moot, already","state that PSE should be removed from the market because it is frequently diverted to the ilegal manufacture of methamphetamine. You state that ""meth-related activity"" is on the rise nationally, and that existing measures to combat the diversion ofPSE to manufacture methamphetamine have been inadequ"
FDA-2011-P-0852-0004,Denied,Other Denial Reason,low,No clear match to defined categories,,"d health programs. The task force concluded that because computer processing of claims must be an integral part of such programs, there was an urgent need for a standardized drug product identification or coding system that could be used in computerized systems. The task force also found that a stan"
FDA-2011-P-0641-0007,Denied,Other Denial Reason,low,No clear match to defined categories,,"a premarket approval application (PMA). FDA has reviewed your petition and, as we discuss below, we share some of the concerns outlined there. However, the agency does not believe that a ban or recall of non-absorbable surgical mesh for transvaginal repair of POP is warranted at this time. Further, "
FDA-2011-P-0022-0008,Denied,Other Denial Reason,low,No clear match to defined categories,,lso offer your own analyses of the data. FDA has reviewed the information in your petition and is denying your petition for the reasons discussed below. I. Standard for PMA Withdrawal Has Not Been Met and a Public Health Advisory with a Voluntary Recall Is Not Warranted Section 515(e)(l) of the Fede
FDA-2012-P-0298-0012,Denied,Procedural - Already Addressed/Moot,high,Issue already addressed or rendered moot,"moot, already","., for Lorcaserin 10 mg BID and 10 mg QD. The FDA reviewed the NDA for Lorcaserin according to its established procedures and approved the application on June 27, 2012, pursuant to section 505(c) of the Food, Drug, and Cosmetic Act (21 U.S.C. 355(c)). Since the Lorcaserin NDA has now been approved, "
FDA-2014-P-1773-0005,Denied,Other Denial Reason,low,No clear match to defined categories,,"on, phthalates raise a number of safety concerns because they function as endocrine disrupters that ""limit or block the 1 The PPSI Petition also requested that FDA issue a regulation to eliminate the use of phthalates in ""herbal dietary supplement products."" The Agency issued a response denying that"
FDA-2014-P-1685-0004,Denied,Other Denial Reason,low,No clear match to defined categories,,"at 1-2. 3 Id. 4 I d. at 2. As set forth below, consideration of costs or potential effects on the implementation of the Affordable Care Act (Public Law I I 1-148) is not among the relevant statutory and regulatory obligations governing the prescription or nonprescription status of oral contraceptive"
FDA-2014-P-0144-0003,Denied,Other Denial Reason,low,No clear match to defined categories,,"abolite. For some of these drug products, FDA can review data from PD effect studies to assess bioequivalence.8 For others, however, no PD endpoints can be readily measured. In these 7 21 CFR 320.24. Whereas a PK study measures the rate and the extent to which the drug is delivered to biological flu"
FDA-2015-P-0059-0013,Denied,Procedural - Administrative Deficiency,high,Administrative or procedural grounds cited,"procedural, 21 cfr 10","trated caffeine marketed as a dietary supplement because it presents a ""significant or unreasonable risk of illness or injury"" or an ""imminent hazard to public health;"" or • Specify limits on the form in which caffeine is sold, including its labeling, serving sizes, and potency, to minimize the risk"
FDA-2015-P-3020-0009,Denied,Procedural - Administrative Deficiency,high,Administrative or procedural grounds cited,"procedural, 21 cfr 10","-4), and consumer complaints from online product reviews of five different feminine wash products (Petition at pages 5-9). In accordance with 21 CFR 10.30(eX3), and for the reasons stated below, we are denying your petition. As background, cosmetic products and ingredients (except color additives) a"
FDA-2015-P-1924-0007,Denied,Other Denial Reason,low,No clear match to defined categories,,"tion, you requested that “[u]pon the receipt and review of any premarket notification submitted under section 510(k) of the Act for the Zeltiq CoolSculpting System or a similar Zeltiq device for treatment of the submentum,” FDA “issue an order declaring the device to be not substantially equivalent "
FDA-2016-P-2955-0088,Denied,Other Denial Reason,low,No clear match to defined categories,,"exist. We appreciate your concern. However, after careful review and consideration, we deny the Petition for the reasons set forth below. Page 2 – Nicholas Isel DISCUSSION I. BACKGROUND FDA is an agency within the Department of Health and Human Services (HHS) and, by delegation from the Surgeon Gene"
FDA-2016-P-2955-0339,Denied,Procedural - Administrative Deficiency,high,Administrative or procedural grounds cited,"procedural, 21 cfr 10","14 mrozovics@rozovicslaw.com RE: Request for Review under 21 CFR 10.75 Ms. Rozovics: The purpose of this letter is to notify you that I am denying your request for review under 21 CFR 10.75, which you submitted on behalf of Nicholas Isel. Your request seeks review of a decision made by Lowell Schill"
FDA-2016-P-1249-0004,Denied,Procedural - Administrative Deficiency,high,Administrative or procedural grounds cited,"procedural, 21 cfr 10","21 CFR 10.30 generally govern the submission and review of citizen petitions. Under § 10.30(k), citizen petitions may not be used for ""the referral of a matter to a United States attorney for the initiation of court enforcement action and related correspondence."" The Petition asserts that its ""reque"
FDA-2016-P-4591-0003,Denied,Other Denial Reason,low,No clear match to defined categories,,"List"" (Discontinued Section) of the Orange Book. The Agency determined that Decadron was not withdrawn from sale for reasons of safety and efficacy; that determination was published in the Federal Register on May 23, 2007.4 In addition, FDA updated the Orange Book to designate Dexamethasone Tablets,"
FDA-2016-P-2738-0004,Denied,Other Denial Reason,low,No clear match to defined categories,,"nited States after the beginning of the OTC drug review in 1 972 or (ii) conditions without any U.S. marketing experience. 7 A condition includes an active ingredient or botanical drug substance (or combination ofboth), dosage form, dosage strength, and route of administration, marketed for a specif"
FDA-2016-P-3509-0003,Denied,Other Denial Reason,low,No clear match to defined categories,,"nited States after the beginning of the OTC drug review in 1972 or (ii) conditions without any U.S. marketing experience.7 A condition includes an active ingredient or botanical drug substance (or combination of both), dosage form, dosage strength, and route of administration, marketed for a specifi"
FDA-2017-P-4939-0006,Denied,Other Denial Reason,low,No clear match to defined categories,,"retrospectively. Additionally, for retrospective review, you request FDA “develop a set of standardized performance tests” that manufacturers would be required to conduct, publicize, and revise labeling accordingly. 1. Performance Tests Your petitions all focus on tests relating to surgical applicat"
FDA-2017-P-5787-0242,Denied,Other Denial Reason,low,No clear match to defined categories,,"nd other relevant data available to the Agency. Based on our review of these materials and for the reasons described below, the Petition is denied in part and granted in part. I. FINASTERIDE (PROPECIA AND PROSCAR) )LQDVWHULGHLVDĮ-reductase inhibitor that reduces the conversion of testosterone to"
FDA-2017-P-0052-0203,Denied,Other Denial Reason,low,No clear match to defined categories,,"rsight of the gamete donation industry. However, after careful review and consideration, we deny the Petition for the reasons set forth below. DISCUSSION I. BACKGROUND FDA is an agency within the Department of Health and Human Services (HHS) and, by delegation from the Surgeon General and the Secret"
FDA-2017-P-5954-0006,Denied,Other Denial Reason,low,No clear match to defined categories,,"mpax, is suitable to use as a reference standard because the currently listed RLD is unavailable in the marketplace and ANDA 076-856 relies on Dantrium (NDA 017-443) as its RLD.1I Specifically, you state that ANDA 076-856 ""is the only currently available 100 mg [d]antrolene [s]odium product [in the "
FDA-2017-P-4372-0004,Denied,Procedural - Already Addressed/Moot,high,Issue already addressed or rendered moot,"moot, already","(e)(3) and (k), and for the reasons stated below, we are denying your petition for two reasons. First, to the extent you are requesting that FDA take enforcement action against specific cosmetic products (i.e., Hair Pearl and other hair 'tinting' products emanating"" from Hair Pearl and its origin co"
FDA-2018-P-3896-0006,Denied,Other Denial Reason,low,No clear match to defined categories,,"retrospectively. Additionally, for retrospective review, you request FDA “develop a set of standardized performance tests” that manufacturers would be required to conduct, publicize, and revise labeling accordingly. 1. Performance Tests Your petitions all focus on tests relating to surgical applicat"
FDA-2018-P-0564-0007,Denied,Other Denial Reason,low,No clear match to defined categories,,"e reasons stated in Section II of this response, we are denying your petition. I. Background Your petition states that you chose to use “egg” in the name of your breakfast sandwiches because you use a whole, shell egg to craft them, but you found that some foodservice and retail competitors use the "
FDA-2018-P-3951-0005,Denied,Other Denial Reason,low,No clear match to defined categories,,"retrospectively. Additionally, for retrospective review, you request FDA “develop a set of standardized performance tests” that manufacturers would be required to conduct, publicize, and revise labeling accordingly. 1. Performance Tests Your petitions all focus on tests relating to surgical applicat"
FDA-2019-P-1818-0008,Denied,Other Denial Reason,low,No clear match to defined categories,,"n addition, in January 2017, following a clinical review by FDA, the Agency agreed with Amgen’s proposal to add information concerning post-discontinuation vertebral fractures to the Prolia labeling, including a warning and precaution because of the potential for serious, irreversible disability, an"
FDA-2019-P-4670-0008,Denied,Procedural - Administrative Deficiency,high,Administrative or procedural grounds cited,"procedural, 21 cfr 10","page 1. In accordance with 21 CFR 10.30(e)(3), we are denying your petition for the reasons stated below. I. FDA’s Actions Regarding Dietary Fiber In the Federal Register of May 27, 2016, we published a final rule entitled, “Food Labeling: Revision of the Nutrition and Supplement Facts Labels” (81 F"
FDA-2019-P-6045-0021,Denied,Procedural - Administrative Deficiency,high,Administrative or procedural grounds cited,"procedural, 21 cfr 10","10.30.1 In accordance with 21 CFR 10.30(e)(3), we are denying your petition. This letter sets out the basis for our determination that the strength of the scientific evidence does not show that the consumption of alpha-cyclodextrin has a physiological effect that is beneficial to human health. 1 For"
FDA-2019-P-4003-0010,Denied,Other Denial Reason,low,No clear match to defined categories,,"ufacturing, processing, or developing a drug.” Because you are a requestor, as defined in section 505G(q)(3) of the FD&C Act and your Petition requests a type of relief that could be sought under an OMOR (see 505G(b)(5) of the FD&C Act), the citizen petition process is no longer the appropriate proc"
