Docket ID,Petition_Doc,Response_Doc,Response_Days,Within_180
FDA-2001-P-0030,FDA-2001-P-0030-0004,FDA-2001-P-0030-0003,434,False
FDA-2001-P-0054,FDA-2001-P-0054-0002,FDA-2001-P-0054-0001,818,False
FDA-2001-P-0122,FDA-2001-P-0122-0002,FDA-2001-P-0122-0007,189,False
FDA-2001-P-0122,FDA-2001-P-0122-0002,FDA-2001-P-0122-0001,1312,False
FDA-2001-P-0123,FDA-2001-P-0123-0045,FDA-2001-P-0123-0060,205,False
FDA-2001-P-0123,FDA-2001-P-0123-0045,FDA-2001-P-0123-0029,1942,False
FDA-2001-P-0153,FDA-2001-P-0153-0001,FDA-2001-P-0153-0002,2449,False
FDA-2001-P-0154,FDA-2001-P-0154-0003,FDA-2001-P-0154-0005,188,False
FDA-2001-P-0154,FDA-2001-P-0154-0003,FDA-2001-P-0154-0002,963,False
FDA-2001-P-0238,FDA-2001-P-0238-0004,FDA-2001-P-0238-0005,184,False
FDA-2001-P-0239,FDA-2001-P-0239-0001,FDA-2001-P-0239-0005,186,False
FDA-2001-P-0283,FDA-2001-P-0283-0001,FDA-2001-P-0283-0003,172,True
FDA-2002-P-0001,FDA-2002-P-0001-0002,FDA-2002-P-0001-0005,204,False
FDA-2002-P-0002,FDA-2002-P-0002-0002,FDA-2002-P-0002-0001,302,False
FDA-2002-P-0041,FDA-2002-P-0041-0024,FDA-2002-P-0041-0023,949,False
FDA-2002-P-0046,FDA-2002-P-0046-0003,FDA-2002-P-0046-0008,100,True
FDA-2002-P-0076,FDA-2002-P-0076-0002,FDA-2002-P-0076-0007,252,False
FDA-2002-P-0076,FDA-2002-P-0076-0002,FDA-2002-P-0076-0001,547,False
FDA-2002-P-0168,FDA-2002-P-0168-0002,FDA-2002-P-0168-0001,489,False
FDA-2002-P-0208,FDA-2002-P-0208-0005,FDA-2002-P-0208-0001,603,False
FDA-2002-P-0210,FDA-2002-P-0210-0002,FDA-2002-P-0210-0004,100,True
FDA-2002-P-0212,FDA-2002-P-0212-0002,FDA-2002-P-0212-0001,406,False
FDA-2002-P-0214,FDA-2002-P-0214-0004,FDA-2002-P-0214-0001,169,True
FDA-2002-P-0226,FDA-2002-P-0226-0011,FDA-2002-P-0226-0001,182,False
FDA-2002-P-0245,FDA-2002-P-0245-0006,FDA-2002-P-0245-0001,161,True
FDA-2002-P-0245,FDA-2002-P-0245-0006,FDA-2002-P-0245-0003,336,False
FDA-2002-P-0246,FDA-2002-P-0246-0002,FDA-2002-P-0246-0001,1720,False
FDA-2002-P-0247,FDA-2002-P-0247-0006,FDA-2002-P-0247-0017,320,False
FDA-2002-P-0290,FDA-2002-P-0290-0004,FDA-2002-P-0290-0013,183,False
FDA-2002-P-0290,FDA-2002-P-0290-0004,FDA-2002-P-0290-0014,1041,False
FDA-2002-P-0381,FDA-2002-P-0381-0001,FDA-2002-P-0381-0003,180,True
FDA-2002-P-0381,FDA-2002-P-0381-0001,FDA-2002-P-0381-0004,2874,False
FDA-2002-P-0440,FDA-2002-P-0440-0001,FDA-2002-P-0440-0005,104,True
FDA-2002-P-0444,FDA-2002-P-0444-0001,FDA-2002-P-0444-0006,209,False
FDA-2002-P-0471,FDA-2002-P-0471-0001,FDA-2002-P-0471-0005,274,False
FDA-2002-P-0505,FDA-2002-P-0505-0001,FDA-2002-P-0505-0006,118,True
FDA-2003-P-0005,FDA-2003-P-0005-0002,FDA-2003-P-0005-0012,238,False
FDA-2003-P-0008,FDA-2003-P-0008-0006,FDA-2003-P-0008-0005,669,False
FDA-2003-P-0009,FDA-2003-P-0009-0003,FDA-2003-P-0009-0002,188,False
FDA-2003-P-0010,FDA-2003-P-0010-0004,FDA-2003-P-0010-0003,398,False
FDA-2003-P-0015,FDA-2003-P-0015-0006,FDA-2003-P-0015-0003,176,True
FDA-2003-P-0015,FDA-2003-P-0015-0006,FDA-2003-P-0015-0004,431,False
FDA-2003-P-0015,FDA-2003-P-0015-0006,FDA-2003-P-0015-0005,479,False
FDA-2003-P-0071,FDA-2003-P-0071-0003,FDA-2003-P-0071-0001,199,False
FDA-2003-P-0122,FDA-2003-P-0122-0004,FDA-2003-P-0122-0003,748,False
FDA-2003-P-0127,FDA-2003-P-0127-0003,FDA-2003-P-0127-0002,221,False
FDA-2003-P-0174,FDA-2003-P-0174-0024,FDA-2003-P-0174-0001,180,True
FDA-2003-P-0174,FDA-2003-P-0174-0024,FDA-2003-P-0174-0013,533,False
FDA-2003-P-0184,FDA-2003-P-0184-0004,FDA-2003-P-0184-0003,280,False
FDA-2003-P-0224,FDA-2003-P-0224-0003,FDA-2003-P-0224-0002,163,True
FDA-2003-P-0224,FDA-2003-P-0224-0003,FDA-2003-P-0224-0004,528,False
FDA-2003-P-0226,FDA-2003-P-0226-0002,FDA-2003-P-0226-0003,2156,False
FDA-2003-P-0272,FDA-2003-P-0272-0002,FDA-2003-P-0272-0006,177,True
FDA-2003-P-0273,FDA-2003-P-0273-0006,FDA-2003-P-0273-0002,167,True
FDA-2003-P-0291,FDA-2003-P-0291-0003,FDA-2003-P-0291-0002,165,True
FDA-2003-P-0336,FDA-2003-P-0336-0004,FDA-2003-P-0336-0002,466,False
FDA-2003-P-0336,FDA-2003-P-0336-0004,FDA-2003-P-0336-0001,182,False
FDA-2003-P-0351,FDA-2003-P-0351-0006,FDA-2003-P-0351-0001,716,False
FDA-2003-P-0352,FDA-2003-P-0352-0002,FDA-2003-P-0352-0005,3487,False
FDA-2003-P-0694,FDA-2003-P-0694-0001,FDA-2003-P-0694-0003,175,True
FDA-2004-P-0001,FDA-2004-P-0001-0009,FDA-2004-P-0001-0003,189,False
FDA-2004-P-0001,FDA-2004-P-0001-0009,FDA-2004-P-0001-0004,788,False
FDA-2004-P-0006,FDA-2004-P-0006-0005,FDA-2004-P-0006-0003,185,False
FDA-2004-P-0006,FDA-2004-P-0006-0005,FDA-2004-P-0006-0004,286,False
FDA-2004-P-0014,FDA-2004-P-0014-0003,FDA-2004-P-0014-0002,52,True
FDA-2004-P-0036,FDA-2004-P-0036-0004,FDA-2004-P-0036-0003,179,True
FDA-2004-P-0094,FDA-2004-P-0094-0004,FDA-2004-P-0094-0003,143,True
FDA-2004-P-0115,FDA-2004-P-0115-0005,FDA-2004-P-0115-0002,0,True
FDA-2004-P-0151,FDA-2004-P-0151-0004,FDA-2004-P-0151-0011,3075,False
FDA-2004-P-0151,FDA-2004-P-0151-0004,FDA-2004-P-0151-0003,172,True
FDA-2004-P-0155,FDA-2004-P-0155-0004,FDA-2004-P-0155-0003,184,False
FDA-2004-P-0274,FDA-2004-P-0274-0004,FDA-2004-P-0274-0003,77,True
FDA-2004-P-0278,FDA-2004-P-0278-0005,FDA-2004-P-0278-0004,876,False
FDA-2004-P-0290,FDA-2004-P-0290-0004,FDA-2004-P-0290-0003,167,True
FDA-2004-P-0290,FDA-2004-P-0290-0004,FDA-2004-P-0290-0007,2996,False
FDA-2004-P-0295,FDA-2004-P-0295-0003,FDA-2004-P-0295-0004,3431,False
FDA-2004-P-0365,FDA-2004-P-0365-0003,FDA-2004-P-0365-0002,158,True
FDA-2004-P-0403,FDA-2004-P-0403-0003,FDA-2004-P-0403-0001,76,True
FDA-2004-P-0419,FDA-2004-P-0419-0004,FDA-2004-P-0419-0005,2310,False
FDA-2004-P-0482,FDA-2004-P-0482-0004,FDA-2004-P-0482-0005,2309,False
FDA-2004-P-0494,FDA-2004-P-0494-0005,FDA-2004-P-0494-0008,2603,False
FDA-2005-P-0003,FDA-2005-P-0003-0004,FDA-2005-P-0003-0003,184,False
FDA-2005-P-0003,FDA-2005-P-0003-0004,FDA-2005-P-0003-0009,1414,False
FDA-2005-P-0006,FDA-2005-P-0006-0003,FDA-2005-P-0006-0002,179,True
FDA-2005-P-0006,FDA-2005-P-0006-0003,FDA-2005-P-0006-0007,3531,False
FDA-2005-P-0007,FDA-2005-P-0007-0006,FDA-2005-P-0007-0007,2405,False
FDA-2005-P-0007,FDA-2005-P-0007-0006,FDA-2005-P-0007-0004,180,True
FDA-2005-P-0009,FDA-2005-P-0009-0004,FDA-2005-P-0009-0003,68,True
FDA-2005-P-0056,FDA-2005-P-0056-0004,FDA-2005-P-0056-0003,177,True
FDA-2005-P-0059,FDA-2005-P-0059-0008,FDA-2005-P-0059-0080,1871,False
FDA-2005-P-0059,FDA-2005-P-0059-0009,FDA-2005-P-0059-0080,1871,False
FDA-2005-P-0064,FDA-2005-P-0064-0001,FDA-2005-P-0064-0006,1163,False
FDA-2005-P-0120,FDA-2005-P-0120-0004,FDA-2005-P-0120-0030,2440,False
FDA-2005-P-0120,FDA-2005-P-0120-0004,FDA-2005-P-0120-0003,182,False
FDA-2005-P-0126,FDA-2005-P-0126-0004,FDA-2005-P-0126-0003,207,False
FDA-2005-P-0134,FDA-2005-P-0134-0003,FDA-2005-P-0134-0004,1330,False
FDA-2005-P-0150,FDA-2005-P-0150-0004,FDA-2005-P-0150-0003,185,False
FDA-2005-P-0190,FDA-2005-P-0190-0005,FDA-2005-P-0190-0003,174,True
FDA-2005-P-0190,FDA-2005-P-0190-0005,FDA-2005-P-0190-0004,380,False
FDA-2005-P-0192,FDA-2005-P-0192-0004,FDA-2005-P-0192-0003,180,True
FDA-2005-P-0192,FDA-2005-P-0192-0004,FDA-2005-P-0192-0005,2224,False
FDA-2005-P-0194,FDA-2005-P-0194-0004,FDA-2005-P-0194-0002,174,True
FDA-2005-P-0196,FDA-2005-P-0196-0030,FDA-2005-P-0196-0003,209,False
FDA-2005-P-0221,FDA-2005-P-0221-0004,FDA-2005-P-0221-0009,2957,False
FDA-2005-P-0221,FDA-2005-P-0221-0004,FDA-2005-P-0221-0003,185,False
FDA-2005-P-0256,FDA-2005-P-0256-0003,FDA-2005-P-0256-0002,280,False
FDA-2005-P-0256,FDA-2005-P-0256-0003,FDA-2005-P-0256-0001,67,True
FDA-2005-P-0266,FDA-2005-P-0266-0003,FDA-2005-P-0266-0007,1465,False
FDA-2005-P-0314,FDA-2005-P-0314-0005,FDA-2005-P-0314-0003,183,False
FDA-2005-P-0314,FDA-2005-P-0314-0005,FDA-2005-P-0314-0004,995,False
FDA-2005-P-0315,FDA-2005-P-0315-0005,FDA-2005-P-0315-0004,2213,False
FDA-2005-P-0316,FDA-2005-P-0316-0004,FDA-2005-P-0316-0003,183,False
FDA-2005-P-0317,FDA-2005-P-0317-0004,FDA-2005-P-0317-0003,455,False
FDA-2005-P-0318,FDA-2005-P-0318-0005,FDA-2005-P-0318-0001,181,False
FDA-2005-P-0319,FDA-2005-P-0319-0004,FDA-2005-P-0319-0003,186,False
FDA-2005-P-0321,FDA-2005-P-0321-0003,FDA-2005-P-0321-0004,1358,False
FDA-2005-P-0325,FDA-2005-P-0325-0007,FDA-2005-P-0325-0014,3127,False
FDA-2005-P-0325,FDA-2005-P-0325-0007,FDA-2005-P-0325-0005,882,False
FDA-2005-P-0325,FDA-2005-P-0325-0007,FDA-2005-P-0325-0003,181,False
FDA-2005-P-0325,FDA-2005-P-0325-0007,FDA-2005-P-0325-0006,882,False
FDA-2005-P-0366,FDA-2005-P-0366-0005,FDA-2005-P-0366-0004,363,False
FDA-2005-P-0367,FDA-2005-P-0367-0004,FDA-2005-P-0367-0003,186,False
FDA-2005-P-0367,FDA-2005-P-0367-0004,FDA-2005-P-0367-0005,1173,False
FDA-2005-P-0368,FDA-2005-P-0368-0007,FDA-2005-P-0368-0004,438,False
FDA-2005-P-0368,FDA-2005-P-0368-0007,FDA-2005-P-0368-0003,183,False
FDA-2005-P-0373,FDA-2005-P-0373-0003,FDA-2005-P-0373-0004,183,False
FDA-2005-P-0375,FDA-2005-P-0375-0004,FDA-2005-P-0375-0003,345,False
FDA-2005-P-0380,FDA-2005-P-0380-0004,FDA-2005-P-0380-0003,113,True
FDA-2005-P-0394,FDA-2005-P-0394-0005,FDA-2005-P-0394-0006,2109,False
FDA-2005-P-0394,FDA-2005-P-0394-0005,FDA-2005-P-0394-0003,181,False
FDA-2005-P-0428,FDA-2005-P-0428-0005,FDA-2005-P-0428-0003,180,True
FDA-2005-P-0435,FDA-2005-P-0435-0005,FDA-2005-P-0435-0004,183,False
FDA-2005-P-0441,FDA-2005-P-0441-0004,FDA-2005-P-0441-0003,259,False
FDA-2005-P-0517,FDA-2005-P-0517-0618,FDA-2005-P-0517-0649,825,False
FDA-2006-P-0009,FDA-2006-P-0009-0004,FDA-2006-P-0009-0008,1426,False
FDA-2006-P-0009,FDA-2006-P-0009-0004,FDA-2006-P-0009-0003,181,False
FDA-2006-P-0010,FDA-2006-P-0010-0004,FDA-2006-P-0010-0003,185,False
FDA-2006-P-0010,FDA-2006-P-0010-0004,FDA-2006-P-0010-0016,2766,False
FDA-2006-P-0018,FDA-2006-P-0018-0004,FDA-2006-P-0018-0044,3507,False
FDA-2006-P-0019,FDA-2006-P-0019-0002,FDA-2006-P-0019-0001,181,False
FDA-2006-P-0019,FDA-2006-P-0019-0002,FDA-2006-P-0019-0013,1240,False
FDA-2006-P-0020,FDA-2006-P-0020-0004,FDA-2006-P-0020-0003,183,False
FDA-2006-P-0025,FDA-2006-P-0025-0004,FDA-2006-P-0025-0017,933,False
FDA-2006-P-0033,FDA-2006-P-0033-0045,FDA-2006-P-0033-0066,3379,False
FDA-2006-P-0033,FDA-2006-P-0033-0045,FDA-2006-P-0033-0067,3375,False
FDA-2006-P-0069,FDA-2006-P-0069-0006,FDA-2006-P-0069-0003,183,False
FDA-2006-P-0072,FDA-2006-P-0072-0004,FDA-2006-P-0072-0003,175,True
FDA-2006-P-0072,FDA-2006-P-0072-0004,FDA-2006-P-0072-0009,1398,False
FDA-2006-P-0073,FDA-2006-P-0073-0007,FDA-2006-P-0073-0003,181,False
FDA-2006-P-0073,FDA-2006-P-0073-0007,FDA-2006-P-0073-0006,894,False
FDA-2006-P-0075,FDA-2006-P-0075-0002,FDA-2006-P-0075-0001,220,False
FDA-2006-P-0082,FDA-2006-P-0082-0004,FDA-2006-P-0082-0003,182,False
FDA-2006-P-0084,FDA-2006-P-0084-0004,FDA-2006-P-0084-0003,388,False
FDA-2006-P-0087,FDA-2006-P-0087-0003,FDA-2006-P-0087-0004,1359,False
FDA-2006-P-0088,FDA-2006-P-0088-0005,FDA-2006-P-0088-0004,436,False
FDA-2006-P-0088,FDA-2006-P-0088-0005,FDA-2006-P-0088-0003,330,False
FDA-2006-P-0089,FDA-2006-P-0089-0007,FDA-2006-P-0089-0006,1551,False
FDA-2006-P-0135,FDA-2006-P-0135-0004,FDA-2006-P-0135-0027,1561,False
FDA-2006-P-0135,FDA-2006-P-0135-0004,FDA-2006-P-0135-0003,177,True
FDA-2006-P-0137,FDA-2006-P-0137-0007,FDA-2006-P-0137-0003,184,False
FDA-2006-P-0138,FDA-2006-P-0138-0004,FDA-2006-P-0138-0003,182,False
FDA-2006-P-0139,FDA-2006-P-0139-0004,FDA-2006-P-0139-0005,1378,False
FDA-2006-P-0139,FDA-2006-P-0139-0004,FDA-2006-P-0139-0003,197,False
FDA-2006-P-0143,FDA-2006-P-0143-0003,FDA-2006-P-0143-0006,177,True
FDA-2006-P-0145,FDA-2006-P-0145-0003,FDA-2006-P-0145-0009,817,False
FDA-2006-P-0147,FDA-2006-P-0147-0004,FDA-2006-P-0147-0003,236,False
FDA-2006-P-0149,FDA-2006-P-0149-0004,FDA-2006-P-0149-0010,2859,False
FDA-2006-P-0150,FDA-2006-P-0150-0003,FDA-2006-P-0150-0005,1797,False
FDA-2006-P-0201,FDA-2006-P-0201-0006,FDA-2006-P-0201-0003,183,False
FDA-2006-P-0201,FDA-2006-P-0201-0006,FDA-2006-P-0201-0005,493,False
FDA-2006-P-0203,FDA-2006-P-0203-0006,FDA-2006-P-0203-0005,190,False
FDA-2006-P-0204,FDA-2006-P-0204-0004,FDA-2006-P-0204-0013,1605,False
FDA-2006-P-0213,FDA-2006-P-0213-0003,FDA-2006-P-0213-0001,294,False
FDA-2006-P-0213,FDA-2006-P-0213-0003,FDA-2006-P-0213-0013,2166,False
FDA-2006-P-0265,FDA-2006-P-0265-0006,FDA-2006-P-0265-0003,175,True
FDA-2006-P-0265,FDA-2006-P-0265-0006,FDA-2006-P-0265-0005,397,False
FDA-2006-P-0270,FDA-2006-P-0270-0007,FDA-2006-P-0270-0014,1227,False
FDA-2006-P-0270,FDA-2006-P-0270-0007,FDA-2006-P-0270-0005,177,True
FDA-2006-P-0270,FDA-2006-P-0270-0007,FDA-2006-P-0270-0022,1730,False
FDA-2006-P-0274,FDA-2006-P-0274-0004,FDA-2006-P-0274-0014,520,False
FDA-2006-P-0274,FDA-2006-P-0274-0004,FDA-2006-P-0274-0003,177,True
FDA-2006-P-0276,FDA-2006-P-0276-0005,FDA-2006-P-0276-0004,374,False
FDA-2006-P-0276,FDA-2006-P-0276-0005,FDA-2006-P-0276-0009,3412,False
FDA-2006-P-0280,FDA-2006-P-0280-0003,FDA-2006-P-0280-0007,823,False
FDA-2006-P-0286,FDA-2006-P-0286-0003,FDA-2006-P-0286-0004,1359,False
FDA-2006-P-0287,FDA-2006-P-0287-0005,FDA-2006-P-0287-0003,198,False
FDA-2006-P-0287,FDA-2006-P-0287-0005,FDA-2006-P-0287-0004,253,False
FDA-2006-P-0325,FDA-2006-P-0325-0005,FDA-2006-P-0325-0006,571,False
FDA-2006-P-0326,FDA-2006-P-0326-0003,FDA-2006-P-0326-0001,178,True
FDA-2006-P-0326,FDA-2006-P-0326-0003,FDA-2006-P-0326-0002,304,False
FDA-2006-P-0327,FDA-2006-P-0327-0006,FDA-2006-P-0327-0005,314,False
FDA-2006-P-0329,FDA-2006-P-0329-0007,FDA-2006-P-0329-0003,179,True
FDA-2006-P-0329,FDA-2006-P-0329-0007,FDA-2006-P-0329-0008,1691,False
FDA-2006-P-0331,FDA-2006-P-0331-0005,FDA-2006-P-0331-0008,1226,False
FDA-2006-P-0331,FDA-2006-P-0331-0005,FDA-2006-P-0331-0004,177,True
FDA-2006-P-0332,FDA-2006-P-0332-0004,FDA-2006-P-0332-0003,78,True
FDA-2006-P-0335,FDA-2006-P-0335-0043,FDA-2006-P-0335-0042,182,False
FDA-2006-P-0335,FDA-2006-P-0335-0043,FDA-2006-P-0335-0052,460,False
FDA-2006-P-0338,FDA-2006-P-0338-0034,FDA-2006-P-0338-0118,2552,False
FDA-2006-P-0343,FDA-2006-P-0343-0004,FDA-2006-P-0343-0003,183,False
FDA-2006-P-0343,FDA-2006-P-0343-0004,FDA-2006-P-0343-0008,2360,False
FDA-2006-P-0343,FDA-2006-P-0343-0004,FDA-2006-P-0343-0005,2114,False
FDA-2006-P-0346,FDA-2006-P-0346-0006,FDA-2006-P-0346-0005,179,True
FDA-2006-P-0346,FDA-2006-P-0346-0006,FDA-2006-P-0346-0017,2075,False
FDA-2006-P-0347,FDA-2006-P-0347-0005,FDA-2006-P-0347-0004,436,False
FDA-2006-P-0386,FDA-2006-P-0386-0002,FDA-2006-P-0386-0006,1557,False
FDA-2006-P-0386,FDA-2006-P-0386-0002,FDA-2006-P-0386-0001,184,False
FDA-2006-P-0387,FDA-2006-P-0387-0006,FDA-2006-P-0387-0003,178,True
FDA-2006-P-0390,FDA-2006-P-0390-0004,FDA-2006-P-0390-0005,696,False
FDA-2006-P-0390,FDA-2006-P-0390-0004,FDA-2006-P-0390-0003,183,False
FDA-2006-P-0393,FDA-2006-P-0393-0005,FDA-2006-P-0393-0007,2889,False
FDA-2006-P-0400,FDA-2006-P-0400-0004,FDA-2006-P-0400-0003,416,False
FDA-2006-P-0447,FDA-2006-P-0447-0004,FDA-2006-P-0447-0001,181,False
FDA-2006-P-0447,FDA-2006-P-0447-0004,FDA-2006-P-0447-0003,482,False
FDA-2006-P-0448,FDA-2006-P-0448-0002,FDA-2006-P-0448-0006,1786,False
FDA-2006-P-0451,FDA-2006-P-0451-0004,FDA-2006-P-0451-0003,175,True
FDA-2006-P-0451,FDA-2006-P-0451-0004,FDA-2006-P-0451-0010,2489,False
FDA-2006-P-0452,FDA-2006-P-0452-0004,FDA-2006-P-0452-0003,174,True
FDA-2006-P-0453,FDA-2006-P-0453-0004,FDA-2006-P-0453-0003,179,True
FDA-2006-P-0453,FDA-2006-P-0453-0004,FDA-2006-P-0453-0005,2941,False
FDA-2006-P-0455,FDA-2006-P-0455-0004,FDA-2006-P-0455-0003,183,False
FDA-2006-P-0459,FDA-2006-P-0459-0004,FDA-2006-P-0459-0003,421,False
FDA-2006-P-0460,FDA-2006-P-0460-0005,FDA-2006-P-0460-0004,176,True
FDA-2006-P-0461,FDA-2006-P-0461-0011,FDA-2006-P-0461-0006,181,False
FDA-2006-P-0518,FDA-2006-P-0518-0001,FDA-2006-P-0518-0003,176,True
FDA-2007-P-0001,FDA-2007-P-0001-0004,FDA-2007-P-0001-0002,21,True
FDA-2007-P-0003,FDA-2007-P-0003-0004,FDA-2007-P-0003-0008,179,True
FDA-2007-P-0003,FDA-2007-P-0003-0004,FDA-2007-P-0003-0009,293,False
FDA-2007-P-0004,FDA-2007-P-0004-0003,FDA-2007-P-0004-0008,3520,False
FDA-2007-P-0005,FDA-2007-P-0005-0004,FDA-2007-P-0005-0003,182,False
FDA-2007-P-0008,FDA-2007-P-0008-0007,FDA-2007-P-0008-0003,180,True
FDA-2007-P-0009,FDA-2007-P-0009-0002,FDA-2007-P-0009-0009,1284,False
FDA-2007-P-0009,FDA-2007-P-0009-0002,FDA-2007-P-0009-0010,2087,False
FDA-2007-P-0010,FDA-2007-P-0010-0002,FDA-2007-P-0010-0013,214,False
FDA-2007-P-0011,FDA-2007-P-0011-0004,FDA-2007-P-0011-0003,181,False
FDA-2007-P-0011,FDA-2007-P-0011-0004,FDA-2007-P-0011-0006,376,False
FDA-2007-P-0012,FDA-2007-P-0012-0004,FDA-2007-P-0012-0003,180,True
FDA-2007-P-0013,FDA-2007-P-0013-0002,FDA-2007-P-0013-0003,196,False
FDA-2007-P-0016,FDA-2007-P-0016-0002,FDA-2007-P-0016-0006,1357,False
FDA-2007-P-0017,FDA-2007-P-0017-0002,FDA-2007-P-0017-0007,364,False
FDA-2007-P-0050,FDA-2007-P-0050-0023,FDA-2007-P-0050-0004,27,True
FDA-2007-P-0051,FDA-2007-P-0051-0002,FDA-2007-P-0051-0003,1195,False
FDA-2007-P-0052,FDA-2007-P-0052-0002,FDA-2007-P-0052-0006,79,True
FDA-2007-P-0055,FDA-2007-P-0055-0004,FDA-2007-P-0055-0003,206,False
FDA-2007-P-0055,FDA-2007-P-0055-0004,FDA-2007-P-0055-0007,3609,False
FDA-2007-P-0056,FDA-2007-P-0056-0004,FDA-2007-P-0056-0003,179,True
FDA-2007-P-0061,FDA-2007-P-0061-0002,FDA-2007-P-0061-0004,1390,False
FDA-2007-P-0062,FDA-2007-P-0062-0003,FDA-2007-P-0062-0007,1580,False
FDA-2007-P-0064,FDA-2007-P-0064-0003,FDA-2007-P-0064-0002,183,False
FDA-2007-P-0064,FDA-2007-P-0064-0003,FDA-2007-P-0064-0004,3546,False
FDA-2007-P-0065,FDA-2007-P-0065-0006,FDA-2007-P-0065-0005,180,True
FDA-2007-P-0065,FDA-2007-P-0065-0006,FDA-2007-P-0065-0015,691,False
FDA-2007-P-0108,FDA-2007-P-0108-0005,FDA-2007-P-0108-0003,209,False
FDA-2007-P-0109,FDA-2007-P-0109-0002,FDA-2007-P-0109-0012,911,False
FDA-2007-P-0110,FDA-2007-P-0110-0002,FDA-2007-P-0110-0003,177,True
FDA-2007-P-0110,FDA-2007-P-0110-0002,FDA-2007-P-0110-0004,1037,False
FDA-2007-P-0111,FDA-2007-P-0111-0003,FDA-2007-P-0111-0008,174,True
FDA-2007-P-0111,FDA-2007-P-0111-0003,FDA-2007-P-0111-0013,689,False
FDA-2007-P-0113,FDA-2007-P-0113-0002,FDA-2007-P-0113-0011,176,True
FDA-2007-P-0113,FDA-2007-P-0113-0002,FDA-2007-P-0113-0028,2566,False
FDA-2007-P-0114,FDA-2007-P-0114-0003,FDA-2007-P-0114-0006,746,False
FDA-2007-P-0115,FDA-2007-P-0115-0003,FDA-2007-P-0115-0002,160,True
FDA-2007-P-0117,FDA-2007-P-0117-0006,FDA-2007-P-0117-0011,629,False
FDA-2007-P-0118,FDA-2007-P-0118-0012,FDA-2007-P-0118-0025,751,False
FDA-2007-P-0118,FDA-2007-P-0118-0012,FDA-2007-P-0118-0026,751,False
FDA-2007-P-0118,FDA-2007-P-0118-0012,FDA-2007-P-0118-0027,751,False
FDA-2007-P-0118,FDA-2007-P-0118-0012,FDA-2007-P-0118-0028,751,False
FDA-2007-P-0118,FDA-2007-P-0118-0012,FDA-2007-P-0118-0029,751,False
FDA-2007-P-0118,FDA-2007-P-0118-0012,FDA-2007-P-0118-0030,751,False
FDA-2007-P-0118,FDA-2007-P-0118-0012,FDA-2007-P-0118-0031,751,False
FDA-2007-P-0118,FDA-2007-P-0118-0012,FDA-2007-P-0118-0032,751,False
FDA-2007-P-0118,FDA-2007-P-0118-0012,FDA-2007-P-0118-0033,751,False
FDA-2007-P-0118,FDA-2007-P-0118-0012,FDA-2007-P-0118-0034,751,False
FDA-2007-P-0118,FDA-2007-P-0118-0012,FDA-2007-P-0118-0035,751,False
FDA-2007-P-0118,FDA-2007-P-0118-0013,FDA-2007-P-0118-0025,742,False
FDA-2007-P-0118,FDA-2007-P-0118-0013,FDA-2007-P-0118-0026,742,False
FDA-2007-P-0118,FDA-2007-P-0118-0013,FDA-2007-P-0118-0027,742,False
FDA-2007-P-0118,FDA-2007-P-0118-0013,FDA-2007-P-0118-0028,742,False
FDA-2007-P-0118,FDA-2007-P-0118-0013,FDA-2007-P-0118-0029,742,False
FDA-2007-P-0118,FDA-2007-P-0118-0013,FDA-2007-P-0118-0030,742,False
FDA-2007-P-0118,FDA-2007-P-0118-0013,FDA-2007-P-0118-0031,742,False
FDA-2007-P-0118,FDA-2007-P-0118-0013,FDA-2007-P-0118-0032,742,False
FDA-2007-P-0118,FDA-2007-P-0118-0013,FDA-2007-P-0118-0033,742,False
FDA-2007-P-0118,FDA-2007-P-0118-0013,FDA-2007-P-0118-0034,742,False
FDA-2007-P-0118,FDA-2007-P-0118-0013,FDA-2007-P-0118-0035,742,False
FDA-2007-P-0118,FDA-2007-P-0118-0014,FDA-2007-P-0118-0025,743,False
FDA-2007-P-0118,FDA-2007-P-0118-0014,FDA-2007-P-0118-0026,743,False
FDA-2007-P-0118,FDA-2007-P-0118-0014,FDA-2007-P-0118-0027,743,False
FDA-2007-P-0118,FDA-2007-P-0118-0014,FDA-2007-P-0118-0028,743,False
FDA-2007-P-0118,FDA-2007-P-0118-0014,FDA-2007-P-0118-0029,743,False
FDA-2007-P-0118,FDA-2007-P-0118-0014,FDA-2007-P-0118-0030,743,False
FDA-2007-P-0118,FDA-2007-P-0118-0014,FDA-2007-P-0118-0031,743,False
FDA-2007-P-0118,FDA-2007-P-0118-0014,FDA-2007-P-0118-0032,743,False
FDA-2007-P-0118,FDA-2007-P-0118-0014,FDA-2007-P-0118-0033,743,False
FDA-2007-P-0118,FDA-2007-P-0118-0014,FDA-2007-P-0118-0034,743,False
FDA-2007-P-0118,FDA-2007-P-0118-0014,FDA-2007-P-0118-0035,743,False
FDA-2007-P-0118,FDA-2007-P-0118-0015,FDA-2007-P-0118-0025,734,False
FDA-2007-P-0118,FDA-2007-P-0118-0015,FDA-2007-P-0118-0026,734,False
FDA-2007-P-0118,FDA-2007-P-0118-0015,FDA-2007-P-0118-0027,734,False
FDA-2007-P-0118,FDA-2007-P-0118-0015,FDA-2007-P-0118-0028,734,False
FDA-2007-P-0118,FDA-2007-P-0118-0015,FDA-2007-P-0118-0029,734,False
FDA-2007-P-0118,FDA-2007-P-0118-0015,FDA-2007-P-0118-0030,734,False
FDA-2007-P-0118,FDA-2007-P-0118-0015,FDA-2007-P-0118-0031,734,False
FDA-2007-P-0118,FDA-2007-P-0118-0015,FDA-2007-P-0118-0032,734,False
FDA-2007-P-0118,FDA-2007-P-0118-0015,FDA-2007-P-0118-0033,734,False
FDA-2007-P-0118,FDA-2007-P-0118-0015,FDA-2007-P-0118-0034,734,False
FDA-2007-P-0118,FDA-2007-P-0118-0015,FDA-2007-P-0118-0035,734,False
FDA-2007-P-0118,FDA-2007-P-0118-0016,FDA-2007-P-0118-0025,730,False
FDA-2007-P-0118,FDA-2007-P-0118-0016,FDA-2007-P-0118-0026,730,False
FDA-2007-P-0118,FDA-2007-P-0118-0016,FDA-2007-P-0118-0027,730,False
FDA-2007-P-0118,FDA-2007-P-0118-0016,FDA-2007-P-0118-0028,730,False
FDA-2007-P-0118,FDA-2007-P-0118-0016,FDA-2007-P-0118-0029,730,False
FDA-2007-P-0118,FDA-2007-P-0118-0016,FDA-2007-P-0118-0030,730,False
FDA-2007-P-0118,FDA-2007-P-0118-0016,FDA-2007-P-0118-0031,730,False
FDA-2007-P-0118,FDA-2007-P-0118-0016,FDA-2007-P-0118-0032,730,False
FDA-2007-P-0118,FDA-2007-P-0118-0016,FDA-2007-P-0118-0033,730,False
FDA-2007-P-0118,FDA-2007-P-0118-0016,FDA-2007-P-0118-0034,730,False
FDA-2007-P-0118,FDA-2007-P-0118-0016,FDA-2007-P-0118-0035,730,False
FDA-2007-P-0118,FDA-2007-P-0118-0017,FDA-2007-P-0118-0025,730,False
FDA-2007-P-0118,FDA-2007-P-0118-0017,FDA-2007-P-0118-0026,730,False
FDA-2007-P-0118,FDA-2007-P-0118-0017,FDA-2007-P-0118-0027,730,False
FDA-2007-P-0118,FDA-2007-P-0118-0017,FDA-2007-P-0118-0028,730,False
FDA-2007-P-0118,FDA-2007-P-0118-0017,FDA-2007-P-0118-0029,730,False
FDA-2007-P-0118,FDA-2007-P-0118-0017,FDA-2007-P-0118-0030,730,False
FDA-2007-P-0118,FDA-2007-P-0118-0017,FDA-2007-P-0118-0031,730,False
FDA-2007-P-0118,FDA-2007-P-0118-0017,FDA-2007-P-0118-0032,730,False
FDA-2007-P-0118,FDA-2007-P-0118-0017,FDA-2007-P-0118-0033,730,False
FDA-2007-P-0118,FDA-2007-P-0118-0017,FDA-2007-P-0118-0034,730,False
FDA-2007-P-0118,FDA-2007-P-0118-0017,FDA-2007-P-0118-0035,730,False
FDA-2007-P-0118,FDA-2007-P-0118-0018,FDA-2007-P-0118-0025,729,False
FDA-2007-P-0118,FDA-2007-P-0118-0018,FDA-2007-P-0118-0026,729,False
FDA-2007-P-0118,FDA-2007-P-0118-0018,FDA-2007-P-0118-0027,729,False
FDA-2007-P-0118,FDA-2007-P-0118-0018,FDA-2007-P-0118-0028,729,False
FDA-2007-P-0118,FDA-2007-P-0118-0018,FDA-2007-P-0118-0029,729,False
FDA-2007-P-0118,FDA-2007-P-0118-0018,FDA-2007-P-0118-0030,729,False
FDA-2007-P-0118,FDA-2007-P-0118-0018,FDA-2007-P-0118-0031,729,False
FDA-2007-P-0118,FDA-2007-P-0118-0018,FDA-2007-P-0118-0032,729,False
FDA-2007-P-0118,FDA-2007-P-0118-0018,FDA-2007-P-0118-0033,729,False
FDA-2007-P-0118,FDA-2007-P-0118-0018,FDA-2007-P-0118-0034,729,False
FDA-2007-P-0118,FDA-2007-P-0118-0018,FDA-2007-P-0118-0035,729,False
FDA-2007-P-0118,FDA-2007-P-0118-0019,FDA-2007-P-0118-0025,721,False
FDA-2007-P-0118,FDA-2007-P-0118-0019,FDA-2007-P-0118-0026,721,False
FDA-2007-P-0118,FDA-2007-P-0118-0019,FDA-2007-P-0118-0027,721,False
FDA-2007-P-0118,FDA-2007-P-0118-0019,FDA-2007-P-0118-0028,721,False
FDA-2007-P-0118,FDA-2007-P-0118-0019,FDA-2007-P-0118-0029,721,False
FDA-2007-P-0118,FDA-2007-P-0118-0019,FDA-2007-P-0118-0030,721,False
FDA-2007-P-0118,FDA-2007-P-0118-0019,FDA-2007-P-0118-0031,721,False
FDA-2007-P-0118,FDA-2007-P-0118-0019,FDA-2007-P-0118-0032,721,False
FDA-2007-P-0118,FDA-2007-P-0118-0019,FDA-2007-P-0118-0033,721,False
FDA-2007-P-0118,FDA-2007-P-0118-0019,FDA-2007-P-0118-0034,721,False
FDA-2007-P-0118,FDA-2007-P-0118-0019,FDA-2007-P-0118-0035,721,False
FDA-2007-P-0118,FDA-2007-P-0118-0020,FDA-2007-P-0118-0025,706,False
FDA-2007-P-0118,FDA-2007-P-0118-0020,FDA-2007-P-0118-0026,706,False
FDA-2007-P-0118,FDA-2007-P-0118-0020,FDA-2007-P-0118-0027,706,False
FDA-2007-P-0118,FDA-2007-P-0118-0020,FDA-2007-P-0118-0028,706,False
FDA-2007-P-0118,FDA-2007-P-0118-0020,FDA-2007-P-0118-0029,706,False
FDA-2007-P-0118,FDA-2007-P-0118-0020,FDA-2007-P-0118-0030,706,False
FDA-2007-P-0118,FDA-2007-P-0118-0020,FDA-2007-P-0118-0031,706,False
FDA-2007-P-0118,FDA-2007-P-0118-0020,FDA-2007-P-0118-0032,706,False
FDA-2007-P-0118,FDA-2007-P-0118-0020,FDA-2007-P-0118-0033,706,False
FDA-2007-P-0118,FDA-2007-P-0118-0020,FDA-2007-P-0118-0034,706,False
FDA-2007-P-0118,FDA-2007-P-0118-0020,FDA-2007-P-0118-0035,706,False
FDA-2007-P-0118,FDA-2007-P-0118-0023,FDA-2007-P-0118-0025,699,False
FDA-2007-P-0118,FDA-2007-P-0118-0023,FDA-2007-P-0118-0026,699,False
FDA-2007-P-0118,FDA-2007-P-0118-0023,FDA-2007-P-0118-0027,699,False
FDA-2007-P-0118,FDA-2007-P-0118-0023,FDA-2007-P-0118-0028,699,False
FDA-2007-P-0118,FDA-2007-P-0118-0023,FDA-2007-P-0118-0029,699,False
FDA-2007-P-0118,FDA-2007-P-0118-0023,FDA-2007-P-0118-0030,699,False
FDA-2007-P-0118,FDA-2007-P-0118-0023,FDA-2007-P-0118-0031,699,False
FDA-2007-P-0118,FDA-2007-P-0118-0023,FDA-2007-P-0118-0032,699,False
FDA-2007-P-0118,FDA-2007-P-0118-0023,FDA-2007-P-0118-0033,699,False
FDA-2007-P-0118,FDA-2007-P-0118-0023,FDA-2007-P-0118-0034,699,False
FDA-2007-P-0118,FDA-2007-P-0118-0023,FDA-2007-P-0118-0035,699,False
FDA-2007-P-0118,FDA-2007-P-0118-0021,FDA-2007-P-0118-0025,677,False
FDA-2007-P-0118,FDA-2007-P-0118-0021,FDA-2007-P-0118-0026,677,False
FDA-2007-P-0118,FDA-2007-P-0118-0021,FDA-2007-P-0118-0027,677,False
FDA-2007-P-0118,FDA-2007-P-0118-0021,FDA-2007-P-0118-0028,677,False
FDA-2007-P-0118,FDA-2007-P-0118-0021,FDA-2007-P-0118-0029,677,False
FDA-2007-P-0118,FDA-2007-P-0118-0021,FDA-2007-P-0118-0030,677,False
FDA-2007-P-0118,FDA-2007-P-0118-0021,FDA-2007-P-0118-0031,677,False
FDA-2007-P-0118,FDA-2007-P-0118-0021,FDA-2007-P-0118-0032,677,False
FDA-2007-P-0118,FDA-2007-P-0118-0021,FDA-2007-P-0118-0033,677,False
FDA-2007-P-0118,FDA-2007-P-0118-0021,FDA-2007-P-0118-0034,677,False
FDA-2007-P-0118,FDA-2007-P-0118-0021,FDA-2007-P-0118-0035,677,False
FDA-2007-P-0118,FDA-2007-P-0118-0022,FDA-2007-P-0118-0025,677,False
FDA-2007-P-0118,FDA-2007-P-0118-0022,FDA-2007-P-0118-0026,677,False
FDA-2007-P-0118,FDA-2007-P-0118-0022,FDA-2007-P-0118-0027,677,False
FDA-2007-P-0118,FDA-2007-P-0118-0022,FDA-2007-P-0118-0028,677,False
FDA-2007-P-0118,FDA-2007-P-0118-0022,FDA-2007-P-0118-0029,677,False
FDA-2007-P-0118,FDA-2007-P-0118-0022,FDA-2007-P-0118-0030,677,False
FDA-2007-P-0118,FDA-2007-P-0118-0022,FDA-2007-P-0118-0031,677,False
FDA-2007-P-0118,FDA-2007-P-0118-0022,FDA-2007-P-0118-0032,677,False
FDA-2007-P-0118,FDA-2007-P-0118-0022,FDA-2007-P-0118-0033,677,False
FDA-2007-P-0118,FDA-2007-P-0118-0022,FDA-2007-P-0118-0034,677,False
FDA-2007-P-0118,FDA-2007-P-0118-0022,FDA-2007-P-0118-0035,677,False
FDA-2007-P-0119,FDA-2007-P-0119-0003,FDA-2007-P-0119-0007,3317,False
FDA-2007-P-0123,FDA-2007-P-0123-0002,FDA-2007-P-0123-0009,140,True
FDA-2007-P-0124,FDA-2007-P-0124-0003,FDA-2007-P-0124-0007,3521,False
FDA-2007-P-0127,FDA-2007-P-0127-0002,FDA-2007-P-0127-0006,1024,False
FDA-2007-P-0128,FDA-2007-P-0128-0002,FDA-2007-P-0128-0003,180,True
FDA-2007-P-0128,FDA-2007-P-0128-0002,FDA-2007-P-0128-0006,674,False
FDA-2007-P-0130,FDA-2007-P-0130-0019,FDA-2007-P-0130-0020,2523,False
FDA-2007-P-0168,FDA-2007-P-0168-0011,FDA-2007-P-0168-0013,205,False
FDA-2007-P-0168,FDA-2007-P-0168-0011,FDA-2007-P-0168-0047,695,False
FDA-2007-P-0169,FDA-2007-P-0169-0002,FDA-2007-P-0169-0006,180,True
FDA-2007-P-0170,FDA-2007-P-0170-0002,FDA-2007-P-0170-0008,186,False
FDA-2007-P-0170,FDA-2007-P-0170-0002,FDA-2007-P-0170-0009,220,False
FDA-2007-P-0171,FDA-2007-P-0171-0004,FDA-2007-P-0171-0003,183,False
FDA-2007-P-0171,FDA-2007-P-0171-0004,FDA-2007-P-0171-0006,934,False
FDA-2007-P-0177,FDA-2007-P-0177-0003,FDA-2007-P-0177-0007,2422,False
FDA-2007-P-0178,FDA-2007-P-0178-0002,FDA-2007-P-0178-0065,315,False
FDA-2007-P-0178,FDA-2007-P-0178-0002,FDA-2007-P-0178-0090,1779,False
FDA-2007-P-0179,FDA-2007-P-0179-0004,FDA-2007-P-0179-0003,63,True
FDA-2007-P-0180,FDA-2007-P-0180-0002,FDA-2007-P-0180-0007,180,True
FDA-2007-P-0180,FDA-2007-P-0180-0002,FDA-2007-P-0180-0021,978,False
FDA-2007-P-0181,FDA-2007-P-0181-0005,FDA-2007-P-0181-0004,184,False
FDA-2007-P-0181,FDA-2007-P-0181-0005,FDA-2007-P-0181-0014,1809,False
FDA-2007-P-0182,FDA-2007-P-0182-0003,FDA-2007-P-0182-0002,196,False
FDA-2007-P-0182,FDA-2007-P-0182-0003,FDA-2007-P-0182-0017,1246,False
FDA-2007-P-0183,FDA-2007-P-0183-0002,FDA-2007-P-0183-0005,161,True
FDA-2007-P-0184,FDA-2007-P-0184-0002,FDA-2007-P-0184-0005,243,False
FDA-2007-P-0185,FDA-2007-P-0185-0002,FDA-2007-P-0185-0004,1050,False
FDA-2007-P-0186,FDA-2007-P-0186-0006,FDA-2007-P-0186-0005,178,True
FDA-2007-P-0186,FDA-2007-P-0186-0006,FDA-2007-P-0186-0008,708,False
FDA-2007-P-0186,FDA-2007-P-0186-0007,FDA-2007-P-0186-0005,128,True
FDA-2007-P-0186,FDA-2007-P-0186-0007,FDA-2007-P-0186-0008,658,False
FDA-2007-P-0187,FDA-2007-P-0187-0003,FDA-2007-P-0187-0004,673,False
FDA-2007-P-0188,FDA-2007-P-0188-0002,FDA-2007-P-0188-0003,181,False
FDA-2007-P-0188,FDA-2007-P-0188-0002,FDA-2007-P-0188-0006,2687,False
FDA-2007-P-0189,FDA-2007-P-0189-0004,FDA-2007-P-0189-0003,180,True
FDA-2007-P-0190,FDA-2007-P-0190-0004,FDA-2007-P-0190-0003,174,True
FDA-2007-P-0190,FDA-2007-P-0190-0004,FDA-2007-P-0190-0012,2165,False
FDA-2007-P-0191,FDA-2007-P-0191-0002,FDA-2007-P-0191-0003,273,False
FDA-2007-P-0192,FDA-2007-P-0192-0004,FDA-2007-P-0192-0003,181,False
FDA-2007-P-0232,FDA-2007-P-0232-0002,FDA-2007-P-0232-0003,169,True
FDA-2007-P-0232,FDA-2007-P-0232-0002,FDA-2007-P-0232-0004,456,False
FDA-2007-P-0234,FDA-2007-P-0234-0002,FDA-2007-P-0234-0004,181,False
FDA-2007-P-0234,FDA-2007-P-0234-0002,FDA-2007-P-0234-0006,649,False
FDA-2007-P-0234,FDA-2007-P-0234-0002,FDA-2007-P-0234-0014,1561,False
FDA-2007-P-0234,FDA-2007-P-0234-0008,FDA-2007-P-0234-0014,885,False
FDA-2007-P-0235,FDA-2007-P-0235-0002,FDA-2007-P-0235-0005,119,True
FDA-2007-P-0236,FDA-2007-P-0236-0004,FDA-2007-P-0236-0003,181,False
FDA-2007-P-0241,FDA-2007-P-0241-0002,FDA-2007-P-0241-0004,618,False
FDA-2007-P-0242,FDA-2007-P-0242-0003,FDA-2007-P-0242-0007,509,False
FDA-2007-P-0245,FDA-2007-P-0245-0004,FDA-2007-P-0245-0003,183,False
FDA-2007-P-0245,FDA-2007-P-0245-0004,FDA-2007-P-0245-0005,1623,False
FDA-2007-P-0246,FDA-2007-P-0246-0003,FDA-2007-P-0246-0002,181,False
FDA-2007-P-0247,FDA-2007-P-0247-0007,FDA-2007-P-0247-0006,282,False
FDA-2007-P-0248,FDA-2007-P-0248-0002,FDA-2007-P-0248-0004,181,False
FDA-2007-P-0248,FDA-2007-P-0248-0002,FDA-2007-P-0248-0006,2952,False
FDA-2007-P-0249,FDA-2007-P-0249-0003,FDA-2007-P-0249-0005,196,False
FDA-2007-P-0250,FDA-2007-P-0250-0002,FDA-2007-P-0250-0003,182,False
FDA-2007-P-0250,FDA-2007-P-0250-0002,FDA-2007-P-0250-0005,580,False
FDA-2007-P-0286,FDA-2007-P-0286-0005,FDA-2007-P-0286-0003,108,True
FDA-2007-P-0288,FDA-2007-P-0288-0003,FDA-2007-P-0288-0002,195,False
FDA-2007-P-0289,FDA-2007-P-0289-0002,FDA-2007-P-0289-0006,3508,False
FDA-2007-P-0292,FDA-2007-P-0292-0002,FDA-2007-P-0292-0003,507,False
FDA-2007-P-0293,FDA-2007-P-0293-0005,FDA-2007-P-0293-0003,183,False
FDA-2007-P-0293,FDA-2007-P-0293-0005,FDA-2007-P-0293-0008,1937,False
FDA-2007-P-0294,FDA-2007-P-0294-0003,FDA-2007-P-0294-0002,212,False
FDA-2007-P-0299,FDA-2007-P-0299-0003,FDA-2007-P-0299-0002,176,True
FDA-2007-P-0300,FDA-2007-P-0300-0002,FDA-2007-P-0300-0003,183,False
FDA-2007-P-0300,FDA-2007-P-0300-0002,FDA-2007-P-0300-0005,332,False
FDA-2007-P-0301,FDA-2007-P-0301-0004,FDA-2007-P-0301-0003,248,False
FDA-2007-P-0339,FDA-2007-P-0339-0002,FDA-2007-P-0339-0003,181,False
FDA-2007-P-0344,FDA-2007-P-0344-0004,FDA-2007-P-0344-0003,225,False
FDA-2007-P-0345,FDA-2007-P-0345-0003,FDA-2007-P-0345-0004,179,True
FDA-2007-P-0345,FDA-2007-P-0345-0003,FDA-2007-P-0345-0005,448,False
FDA-2007-P-0346,FDA-2007-P-0346-0003,FDA-2007-P-0346-0023,1122,False
FDA-2007-P-0347,FDA-2007-P-0347-0002,FDA-2007-P-0347-0003,187,False
FDA-2007-P-0347,FDA-2007-P-0347-0002,FDA-2007-P-0347-0005,1317,False
FDA-2007-P-0348,FDA-2007-P-0348-0002,FDA-2007-P-0348-0007,1038,False
FDA-2007-P-0349,FDA-2007-P-0349-0006,FDA-2007-P-0349-0007,183,False
FDA-2007-P-0350,FDA-2007-P-0350-0004,FDA-2007-P-0350-0003,62,True
FDA-2007-P-0351,FDA-2007-P-0351-0004,FDA-2007-P-0351-0003,181,False
FDA-2007-P-0352,FDA-2007-P-0352-0003,FDA-2007-P-0352-0002,180,True
FDA-2007-P-0353,FDA-2007-P-0353-0002,FDA-2007-P-0353-0001,183,False
FDA-2007-P-0401,FDA-2007-P-0401-0002,FDA-2007-P-0401-0003,171,True
FDA-2007-P-0401,FDA-2007-P-0401-0002,FDA-2007-P-0401-0005,1120,False
FDA-2007-P-0403,FDA-2007-P-0403-0004,FDA-2007-P-0403-0003,209,False
FDA-2007-P-0404,FDA-2007-P-0404-0003,FDA-2007-P-0404-0005,185,False
FDA-2007-P-0407,FDA-2007-P-0407-0005,FDA-2007-P-0407-0004,165,True
FDA-2007-P-0409,FDA-2007-P-0409-0003,FDA-2007-P-0409-0007,1117,False
FDA-2007-P-0413,FDA-2007-P-0413-0005,FDA-2007-P-0413-0007,2303,False
FDA-2007-P-0413,FDA-2007-P-0413-0005,FDA-2007-P-0413-0004,177,True
FDA-2007-P-0414,FDA-2007-P-0414-0006,FDA-2007-P-0414-0003,183,False
FDA-2007-P-0415,FDA-2007-P-0415-0002,FDA-2007-P-0415-0003,173,True
FDA-2007-P-0416,FDA-2007-P-0416-0003,FDA-2007-P-0416-0004,181,False
FDA-2007-P-0417,FDA-2007-P-0417-0002,FDA-2007-P-0417-0004,834,False
FDA-2007-P-0418,FDA-2007-P-0418-0003,FDA-2007-P-0418-0005,180,True
FDA-2007-P-0464,FDA-2007-P-0464-0001,FDA-2007-P-0464-0003,713,False
FDA-2007-P-0495,FDA-2007-P-0495-0001,FDA-2007-P-0495-0006,986,False
FDA-2007-P-0497,FDA-2007-P-0497-0001,FDA-2007-P-0497-0004,266,False
